Date,Time,entry_id,temp,hum,lux
2024-05-19,09:00:20,134213,24.7,52.5,15.0
2024-05-19,09:01:21,134214,24.7,52.4,15.0
2024-05-19,09:02:22,134215,24.7,52.4,15.0
2024-05-19,09:03:23,134216,24.7,52.4,15.8
2024-05-19,09:04:25,134217,24.8,52.4,15.8
2024-05-19,09:05:26,134218,24.8,52.3,15.8
2024-05-19,09:06:27,134219,24.8,52.3,15.8
2024-05-19,09:07:28,134220,24.8,52.3,15.8
2024-05-19,09:08:31,134221,24.8,52.2,15.8
2024-05-19,09:09:35,134222,24.8,52.2,15.8
2024-05-19,09:10:36,134223,24.8,52.2,15.8
2024-05-19,09:11:37,134224,24.8,52.2,15.8
2024-05-19,09:12:38,134225,24.8,52.2,15.8
2024-05-19,09:13:39,134226,24.9,52.1,15.8
2024-05-19,09:14:40,134227,24.9,52.1,15.8
2024-05-19,09:15:42,134228,24.9,52.1,15.8
2024-05-19,09:16:43,134229,25.0,52.1,15.8
2024-05-19,09:17:44,134230,25.0,52.0,15.8
2024-05-19,09:18:45,134231,25.0,51.9,15.8
2024-05-19,09:19:46,134232,25.0,51.9,15.8
2024-05-19,09:20:47,134233,25.0,51.9,15.8
2024-05-19,09:21:48,134234,25.0,51.9,15.8
2024-05-19,09:22:49,134235,25.0,51.9,15.8
2024-05-19,09:23:51,134236,25.0,51.9,15.8
2024-05-19,09:24:52,134237,25.0,51.8,15.8
2024-05-19,09:25:53,134238,25.0,51.8,15.8
2024-05-19,09:26:54,134239,25.0,51.7,15.8
2024-05-19,09:27:55,134240,25.0,51.7,15.8
2024-05-19,09:28:56,134241,25.0,51.6,16.7
2024-05-19,09:29:57,134242,25.0,51.5,16.7
2024-05-19,09:30:59,134243,25.0,51.5,16.7
2024-05-19,09:32:00,134244,25.0,51.5,16.7
2024-05-19,09:33:01,134245,25.1,51.5,16.7
2024-05-19,09:34:04,134246,25.1,51.4,16.7
2024-05-19,09:35:08,134247,25.2,51.4,16.7
2024-05-19,09:36:09,134248,25.2,51.4,16.7
2024-05-19,09:37:10,134249,25.2,51.4,15.8
2024-05-19,09:38:11,134250,25.2,51.3,16.7
2024-05-19,09:39:12,134251,25.2,51.3,16.7
2024-05-19,09:40:13,134252,25.2,51.3,16.7
2024-05-19,09:41:14,134253,25.2,51.2,16.7
2024-05-19,09:42:18,134254,25.2,51.1,16.7
2024-05-19,09:43:22,134255,25.2,51.1,16.7
2024-05-19,09:44:23,134256,25.2,51.1,15.8
2024-05-19,09:45:24,134257,25.3,51.0,16.7
2024-05-19,09:46:25,134258,25.3,51.1,16.7
2024-05-19,09:47:26,134259,25.3,51.1,16.7
2024-05-19,09:48:30,134260,25.3,51.2,15.8
2024-05-19,09:49:31,134261,25.3,51.1,15.8
2024-05-19,09:50:32,134262,25.3,51.2,15.8
2024-05-19,09:51:33,134263,25.3,51.1,15.8
2024-05-19,09:52:34,134264,25.4,51.0,15.8
2024-05-19,09:53:35,134265,25.3,51.0,15.8
2024-05-19,09:54:39,134266,25.4,50.9,15.8
2024-05-19,09:55:40,134267,25.4,50.9,15.8
2024-05-19,09:56:41,134268,25.4,50.9,15.8
2024-05-19,09:57:42,134269,25.4,50.7,15.8
2024-05-19,09:58:43,134270,25.4,50.7,15.8
2024-05-19,09:59:47,134271,25.4,50.7,15.8
2024-05-19,10:00:48,134272,25.4,50.7,16.7
2024-05-19,10:01:52,134273,25.4,50.4,15.8
2024-05-19,10:02:53,134274,25.4,50.4,16.7
2024-05-19,10:03:54,134275,25.4,50.5,16.7
2024-05-19,10:04:55,134276,25.4,50.5,16.7
2024-05-19,10:05:56,134277,25.4,50.4,16.7
2024-05-19,10:06:57,134278,25.4,50.4,15.8
2024-05-19,10:08:01,134279,25.4,50.3,16.7
2024-05-19,10:09:02,134280,25.5,50.3,16.7
2024-05-19,10:10:03,134281,25.5,50.3,15.8
2024-05-19,10:11:04,134282,25.5,50.1,16.7
2024-05-19,10:12:05,134283,25.5,50.0,16.7
2024-05-19,10:13:09,134284,25.5,50.1,16.7
2024-05-19,10:14:10,134285,25.5,50.1,16.7
2024-05-19,10:15:11,134286,25.5,50.2,16.7
2024-05-19,10:16:12,134287,25.5,50.2,16.7
2024-05-19,10:17:13,134288,25.5,50.2,16.7
2024-05-19,10:18:14,134289,25.5,50.2,16.7
2024-05-19,10:19:16,134290,25.5,50.2,16.7
2024-05-19,10:20:17,134291,25.5,49.9,16.7
2024-05-19,10:21:18,134292,25.5,49.7,16.7
2024-05-19,10:22:19,134293,25.6,49.7,16.7
2024-05-19,10:23:20,134294,25.6,49.6,16.7
2024-05-19,10:24:21,134295,25.6,49.2,16.7
2024-05-19,10:25:22,134296,25.6,48.6,16.7
2024-05-19,10:26:24,134297,25.6,48.6,16.7
2024-05-19,10:27:25,134298,25.6,48.8,16.7
2024-05-19,10:28:26,134299,25.6,49.1,16.7
2024-05-19,10:29:27,134300,25.6,49.3,16.7
2024-05-19,10:30:28,134301,25.6,48.4,16.7
2024-05-19,10:31:29,134302,25.6,47.9,16.7
2024-05-19,10:32:30,134303,25.6,47.8,16.7
2024-05-19,10:33:31,134304,25.6,48.2,16.7
2024-05-19,10:34:33,134305,25.6,48.5,16.7
2024-05-19,10:35:34,134306,25.6,47.8,16.7
2024-05-19,10:36:37,134307,25.6,47.9,16.7
2024-05-19,10:37:38,134308,25.6,47.9,16.7
2024-05-19,10:38:40,134309,25.6,48.0,16.7
2024-05-19,10:39:41,134310,25.6,47.9,16.7
2024-05-19,10:40:47,134311,25.6,47.2,16.7
2024-05-19,10:41:48,134312,25.6,47.2,16.7
2024-05-19,10:42:49,134313,25.6,47.5,15.8
2024-05-19,10:43:50,134314,25.6,47.5,16.7
2024-05-19,10:44:53,134315,25.6,46.5,16.7
2024-05-19,10:45:55,134316,25.6,46.5,16.7
2024-05-19,10:46:56,134317,25.6,46.3,16.7
2024-05-19,10:47:57,134318,25.7,45.7,16.7
2024-05-19,10:48:58,134319,25.6,45.2,16.7
2024-05-19,10:49:59,134320,25.7,45.6,16.7
2024-05-19,10:51:00,134321,25.7,46.3,16.7
2024-05-19,10:52:01,134322,25.7,45.6,16.7
2024-05-19,10:53:03,134323,25.7,45.5,15.8
2024-05-19,10:54:04,134324,25.7,45.0,15.8
2024-05-19,10:55:10,134325,25.7,44.6,15.8
2024-05-19,10:56:12,134326,25.7,44.6,15.8
2024-05-19,10:57:13,134327,25.8,45.1,15.8
2024-05-19,10:58:14,134328,25.8,45.0,15.8
2024-05-19,10:59:15,134329,25.8,45.4,15.8
2024-05-19,11:00:19,134330,25.8,46.2,15.8
2024-05-19,11:01:22,134331,25.8,46.3,15.8
2024-05-19,11:02:23,134332,25.8,46.3,15.8
2024-05-19,11:03:25,134333,25.8,46.4,15.8
2024-05-19,11:04:26,134334,25.8,46.5,15.8
2024-05-19,11:05:27,134335,25.8,46.6,15.8
2024-05-19,11:06:28,134336,25.8,46.2,15.8
2024-05-19,11:07:29,134337,25.8,46.3,15.8
2024-05-19,11:08:30,134338,25.8,46.5,15.8
2024-05-19,11:09:31,134339,25.8,46.6,15.8
2024-05-19,11:10:32,134340,25.8,46.6,15.8
2024-05-19,11:11:33,134341,25.8,46.6,15.8
2024-05-19,11:12:35,134342,25.8,46.6,15.8
2024-05-19,11:13:36,134343,25.8,46.6,15.8
2024-05-19,11:14:37,134344,25.8,46.4,15.8
2024-05-19,11:15:38,134345,25.8,46.2,15.8
2024-05-19,11:16:41,134346,25.8,46.2,15.8
2024-05-19,11:17:43,134347,25.8,46.2,15.8
2024-05-19,11:18:44,134348,25.8,46.1,15.8
2024-05-19,11:19:45,134349,25.8,46.1,15.8
2024-05-19,11:20:46,134350,25.8,46.1,15.8
2024-05-19,11:21:50,134351,25.8,46.0,15.0
2024-05-19,11:22:51,134352,25.8,46.0,15.0
2024-05-19,11:23:53,134353,25.8,45.9,15.0
2024-05-19,11:24:54,134354,25.8,45.9,15.0
2024-05-19,11:25:55,134355,25.8,45.7,15.0
2024-05-19,11:26:56,134356,25.8,45.7,15.0
2024-05-19,11:27:57,134357,25.8,45.5,15.0
2024-05-19,11:29:01,134358,25.8,45.4,15.0
2024-05-19,11:30:04,134359,25.8,45.3,15.0
2024-05-19,11:31:05,134360,25.8,45.3,15.0
2024-05-19,11:32:06,134361,25.8,45.3,15.0
2024-05-19,11:33:08,134362,25.8,45.2,15.0
2024-05-19,11:34:09,134363,25.8,45.2,15.0
2024-05-19,11:35:10,134364,25.8,45.1,15.0
2024-05-19,11:36:11,134365,25.8,45.0,15.0
2024-05-19,11:37:12,134366,25.8,44.8,15.0
2024-05-19,11:38:13,134367,25.8,44.7,15.0
2024-05-19,11:39:14,134368,25.8,44.6,15.0
2024-05-19,11:40:15,134369,25.8,44.3,15.0
2024-05-19,11:41:17,134370,25.9,44.1,14.2
2024-05-19,11:42:20,134371,25.9,44.0,14.2
2024-05-19,11:43:21,134372,25.9,44.0,14.2
2024-05-19,11:44:25,134373,25.9,43.8,14.2
2024-05-19,11:45:26,134374,25.9,43.8,14.2
2024-05-19,11:46:27,134375,25.9,43.7,15.0
2024-05-19,11:47:30,134376,25.9,43.7,15.0
2024-05-19,11:48:31,134377,25.9,43.6,15.0
2024-05-19,11:49:32,134378,25.9,43.5,15.0
2024-05-19,11:50:34,134379,25.9,43.6,15.0
2024-05-19,11:51:37,134380,25.9,43.5,15.0
2024-05-19,11:52:38,134381,26.0,43.4,15.0
2024-05-19,11:53:39,134382,26.0,43.4,15.8
2024-05-19,11:54:40,134383,26.0,43.2,15.8
2024-05-19,11:55:44,134384,26.0,42.9,15.8
2024-05-19,11:56:45,134385,26.0,42.8,15.8
2024-05-19,11:57:46,134386,26.0,42.9,15.8
2024-05-19,11:58:47,134387,26.0,42.9,15.8
2024-05-19,11:59:49,134388,26.0,42.9,15.8
2024-05-19,12:00:52,134389,26.0,42.9,15.8
2024-05-19,12:01:53,134390,26.0,42.9,15.8
2024-05-19,12:02:54,134391,26.0,42.9,16.7
2024-05-19,12:03:56,134392,26.0,42.8,16.7
2024-05-19,12:04:57,134393,26.0,42.8,16.7
2024-05-19,12:05:58,134394,26.0,42.7,17.5
2024-05-19,12:06:59,134395,26.0,42.6,18.3
2024-05-19,12:08:00,134396,26.0,42.5,18.3
2024-05-19,12:09:01,134397,26.0,42.3,19.2
2024-05-19,12:10:05,134398,26.0,42.3,20.0
2024-05-19,12:11:08,134399,26.0,42.2,20.0
2024-05-19,12:12:09,134400,26.0,42.1,20.8
2024-05-19,12:13:13,134401,26.0,42.1,20.8
2024-05-19,12:14:14,134402,26.1,42.1,20.8
2024-05-19,12:15:15,134403,26.1,42.1,20.8
2024-05-19,12:16:16,134404,26.1,41.9,20.0
2024-05-19,12:17:20,134405,26.1,41.5,20.0
2024-05-19,12:18:21,134406,26.1,41.5,20.0
2024-05-19,12:19:22,134407,26.1,41.5,19.2
2024-05-19,12:20:23,134408,26.1,41.5,19.2
2024-05-19,12:21:24,134409,26.1,41.4,18.3
2024-05-19,12:22:26,134410,26.1,41.4,17.5
2024-05-19,12:23:27,134411,26.1,41.4,17.5
2024-05-19,12:24:28,134412,26.2,41.3,16.7
2024-05-19,12:25:29,134413,26.2,41.3,15.8
2024-05-19,12:26:30,134414,26.1,41.2,15.8
2024-05-19,12:27:31,134415,26.1,41.2,15.0
2024-05-19,12:28:32,134416,26.2,41.2,14.2
2024-05-19,12:29:33,134417,26.2,41.2,14.2
2024-05-19,12:30:35,134418,26.2,41.2,13.3
2024-05-19,12:31:38,134419,26.2,41.2,13.3
2024-05-19,12:32:39,134420,26.2,41.2,12.5
2024-05-19,12:33:40,134421,26.2,41.1,12.5
2024-05-19,12:34:41,134422,26.2,41.0,12.5
2024-05-19,12:35:43,134423,26.2,40.7,12.5
2024-05-19,12:36:44,134424,26.2,40.5,12.5
2024-05-19,12:37:45,134425,26.2,40.5,12.5
2024-05-19,12:38:46,134426,26.2,40.5,12.5
2024-05-19,12:39:47,134427,26.2,40.6,11.7
2024-05-19,12:40:48,134428,26.2,40.6,11.7
2024-05-19,12:41:49,134429,26.2,40.5,11.7
2024-05-19,12:42:51,134430,26.2,40.6,11.7
2024-05-19,12:43:52,134431,26.2,40.5,11.7
2024-05-19,12:44:53,134432,26.2,40.5,11.7
2024-05-19,12:45:54,134433,26.1,40.5,11.7
2024-05-19,12:46:55,134434,26.1,40.5,11.7
2024-05-19,12:47:59,134435,26.1,40.5,11.7
2024-05-19,12:49:02,134436,26.2,40.4,11.7
2024-05-19,12:50:03,134437,26.2,40.4,11.7
2024-05-19,12:51:05,134438,26.1,40.4,11.7
2024-05-19,12:52:06,134439,26.1,40.4,11.7
2024-05-19,12:53:07,134440,26.1,40.3,11.7
2024-05-19,12:54:10,134441,26.2,40.2,11.7
2024-05-19,12:55:12,134442,26.2,40.2,11.7
2024-05-19,12:56:13,134443,26.2,40.2,11.7
2024-05-19,12:57:14,134444,26.2,40.2,11.7
2024-05-19,12:58:15,134445,26.2,40.1,11.7
2024-05-19,12:59:16,134446,26.2,40.0,11.7
2024-05-19,13:00:17,134447,26.2,40.0,12.5
2024-05-19,13:01:18,134448,26.2,40.0,12.5
2024-05-19,13:02:22,134449,26.2,39.9,12.5
2024-05-19,13:03:23,134450,26.2,39.8,11.7
2024-05-19,13:04:24,134451,26.2,39.8,11.7
2024-05-19,13:05:25,134452,26.2,39.8,11.7
2024-05-19,13:06:26,134453,26.2,39.8,11.7
2024-05-19,13:07:30,134454,26.2,39.7,11.7
2024-05-19,13:08:33,134455,26.2,39.6,11.7
2024-05-19,13:09:37,134456,26.2,39.6,11.7
2024-05-19,13:10:38,134457,26.2,39.6,11.7
2024-05-19,13:11:42,134458,26.2,39.5,11.7
2024-05-19,13:12:43,134459,26.2,39.5,11.7
2024-05-19,13:13:44,134460,26.2,39.5,11.7
2024-05-19,13:14:45,134461,26.2,39.4,11.7
2024-05-19,13:15:46,134462,26.2,39.4,11.7
2024-05-19,13:16:47,134463,26.2,39.4,11.7
2024-05-19,13:17:48,134464,26.2,39.4,11.7
2024-05-19,13:18:49,134465,26.2,39.3,11.7
2024-05-19,13:19:51,134466,26.2,39.4,11.7
2024-05-19,13:20:52,134467,26.2,39.4,11.7
2024-05-19,13:21:53,134468,26.2,39.3,11.7
2024-05-19,13:22:54,134469,26.2,39.3,11.7
2024-05-19,13:23:55,134470,26.2,39.3,11.7
2024-05-19,13:24:56,134471,26.2,39.2,11.7
2024-05-19,13:25:57,134472,26.2,39.0,11.7
2024-05-19,13:26:59,134473,26.2,38.9,10.8
2024-05-19,13:28:00,134474,26.2,39.0,10.8
2024-05-19,13:29:01,134475,26.2,39.0,10.8
2024-05-19,13:30:04,134476,26.2,38.9,10.8
2024-05-19,13:31:05,134477,26.2,38.9,10.8
2024-05-19,13:32:09,134478,26.2,38.9,10.8
2024-05-19,13:33:12,134479,26.2,38.9,10.0
2024-05-19,13:34:14,134480,26.2,38.9,10.0
2024-05-19,13:35:15,134481,26.2,38.9,10.0
2024-05-19,13:36:16,134482,26.2,38.9,10.0
2024-05-19,13:37:17,134483,26.2,38.9,10.0
2024-05-19,13:38:18,134484,26.2,38.9,10.0
2024-05-19,13:39:19,134485,26.2,38.9,10.0
2024-05-19,13:40:20,134486,26.2,38.9,10.0
2024-05-19,13:41:22,134487,26.2,38.8,10.0
2024-05-19,13:42:23,134488,26.2,38.9,10.0
2024-05-19,13:43:24,134489,26.2,38.8,10.0
2024-05-19,13:44:25,134490,26.2,38.8,10.0
2024-05-19,13:45:29,134491,26.2,38.9,10.0
2024-05-19,13:46:32,134492,26.2,38.8,10.0
2024-05-19,13:47:33,134493,26.2,38.8,10.0
2024-05-19,13:48:34,134494,26.2,38.8,10.0
2024-05-19,13:49:35,134495,26.2,38.9,9.2
2024-05-19,13:50:39,134496,26.2,38.8,9.2
2024-05-19,13:51:40,134497,26.2,38.8,9.2
2024-05-19,13:52:41,134498,26.2,38.9,9.2
2024-05-19,13:53:42,134499,26.2,38.8,9.2
2024-05-19,13:54:43,134500,26.2,38.8,9.2
2024-05-19,13:55:45,134501,26.2,38.8,9.2
2024-05-19,13:56:46,134502,26.1,38.8,9.2
2024-05-19,13:57:47,134503,26.2,38.8,9.2
2024-05-19,13:58:48,134504,26.2,38.8,9.2
2024-05-19,13:59:49,134505,26.2,38.8,9.2
2024-05-19,14:00:50,134506,26.2,38.7,9.2
2024-05-19,14:01:51,134507,26.2,38.7,9.2
2024-05-19,14:02:53,134508,26.2,38.7,9.2
2024-05-19,14:03:54,134509,26.2,38.7,9.2
2024-05-19,14:04:57,134510,26.2,38.6,9.2
2024-05-19,14:05:58,134511,26.2,38.6,9.2
2024-05-19,14:07:00,134512,26.2,38.6,9.2
2024-05-19,14:08:01,134513,26.2,38.5,8.3
2024-05-19,14:09:02,134514,26.2,38.5,8.3
2024-05-19,14:10:03,134515,26.2,38.5,9.2
2024-05-19,14:11:04,134516,26.2,38.4,8.3
2024-05-19,14:12:05,134517,26.2,38.3,8.3
2024-05-19,14:13:06,134518,26.2,38.3,8.3
2024-05-19,14:14:10,134519,26.2,38.1,8.3
2024-05-19,14:15:11,134520,26.2,38.1,8.3
2024-05-19,14:16:12,134521,26.1,38.0,8.3
2024-05-19,14:17:13,134522,26.2,38.0,8.3
2024-05-19,14:18:17,134523,26.2,37.9,8.3
2024-05-19,14:19:18,134524,26.2,37.9,8.3
2024-05-19,14:20:19,134525,26.2,37.8,8.3
2024-05-19,14:21:20,134526,26.2,37.7,8.3
2024-05-19,14:22:21,134527,26.2,37.7,8.3
2024-05-19,14:23:23,134528,26.2,37.6,8.3
2024-05-19,14:24:24,134529,26.2,37.6,8.3
2024-05-19,14:25:27,134530,26.1,37.5,8.3
2024-05-19,14:26:28,134531,26.2,37.5,8.3
2024-05-19,14:27:32,134532,26.2,37.4,8.3
2024-05-19,14:28:33,134533,26.2,37.4,8.3
2024-05-19,14:29:34,134534,26.2,37.4,8.3
2024-05-19,14:30:35,134535,26.2,37.3,8.3
2024-05-19,14:31:36,134536,26.2,37.3,8.3
2024-05-19,14:32:37,134537,26.1,37.3,8.3
2024-05-19,14:33:41,134538,26.1,37.2,8.3
2024-05-19,14:34:42,134539,26.2,37.2,8.3
2024-05-19,14:35:43,134540,26.1,37.1,8.3
2024-05-19,14:36:47,134541,26.1,37.0,8.3
2024-05-19,14:37:48,134542,26.2,37.0,8.3
2024-05-19,14:38:51,134543,26.2,36.9,8.3
2024-05-19,14:39:52,134544,26.2,36.9,8.3
2024-05-19,14:40:54,134545,26.2,36.9,8.3
2024-05-19,14:41:55,134546,26.2,36.8,8.3
2024-05-19,14:42:56,134547,26.1,36.7,8.3
2024-05-19,14:43:57,134548,26.1,36.7,8.3
2024-05-19,14:44:58,134549,26.1,36.6,8.3
2024-05-19,14:45:59,134550,26.2,36.6,8.3
2024-05-19,14:47:01,134551,26.1,36.5,7.5
2024-05-19,14:48:02,134552,26.1,36.5,7.5
2024-05-19,14:49:05,134553,26.1,36.4,7.5
2024-05-19,14:50:06,134554,26.2,36.4,7.5
2024-05-19,14:51:08,134555,26.1,36.3,7.5
2024-05-19,14:52:09,134556,26.1,36.3,7.5
2024-05-19,14:53:10,134557,26.1,36.2,7.5
2024-05-19,14:54:13,134558,26.1,36.2,7.5
2024-05-19,14:55:14,134559,26.2,36.2,7.5
2024-05-19,14:56:16,134560,26.1,36.1,7.5
2024-05-19,14:57:17,134561,26.1,36.1,7.5
2024-05-19,14:58:18,134562,26.1,36.1,7.5
2024-05-19,14:59:19,134563,26.1,36.0,7.5
2024-05-19,15:00:20,134564,26.1,36.0,6.7
2024-05-19,15:01:21,134565,26.1,36.0,6.7
2024-05-19,15:02:22,134566,26.1,35.9,6.7
2024-05-19,15:03:26,134567,26.1,35.9,6.7
2024-05-19,15:04:30,134568,26.1,35.8,6.7
2024-05-19,15:05:31,134569,26.1,35.8,6.7
2024-05-19,15:06:32,134570,26.1,35.7,6.7
2024-05-19,15:07:33,134571,26.2,35.7,6.7
2024-05-19,15:08:34,134572,26.1,35.7,6.7
2024-05-19,15:09:35,134573,26.1,35.7,6.7
2024-05-19,15:10:36,134574,26.1,35.7,6.7
2024-05-19,15:11:38,134575,26.1,35.7,6.7
2024-05-19,15:12:39,134576,26.1,35.7,6.7
2024-05-19,15:13:40,134577,26.2,35.7,6.7
2024-05-19,15:14:41,134578,26.2,35.7,6.7
2024-05-19,15:15:42,134579,26.2,35.7,6.7
2024-05-19,15:16:43,134580,26.1,35.7,6.7
2024-05-19,15:17:45,134581,26.2,35.7,6.7
2024-05-19,15:18:46,134582,26.2,35.7,5.8
2024-05-19,15:19:47,134583,26.1,35.8,6.7
2024-05-19,15:20:48,134584,26.2,35.7,5.8
2024-05-19,15:21:49,134585,26.2,35.7,5.8
2024-05-19,15:22:50,134586,26.2,35.7,5.8
2024-05-19,15:23:51,134587,26.2,35.8,5.8
2024-05-19,15:24:52,134588,26.2,35.7,5.8
2024-05-19,15:25:53,134589,26.2,35.7,5.8
2024-05-19,15:26:57,134590,26.1,35.7,5.8
2024-05-19,15:27:58,134591,26.2,35.7,5.8
2024-05-19,15:28:59,134592,26.2,35.8,5.8
2024-05-19,15:30:00,134593,26.2,35.9,5.8
2024-05-19,15:31:01,134594,26.2,36.0,5.8
2024-05-19,15:32:03,134595,26.2,36.1,5.8
2024-05-19,15:33:06,134596,26.2,36.3,5.8
2024-05-19,15:34:12,134597,26.2,36.5,5.8
2024-05-19,15:35:13,134598,26.2,36.5,5.8
2024-05-19,15:36:14,134599,26.2,36.7,5.8
2024-05-19,15:37:15,134600,26.2,36.8,5.8
2024-05-19,15:38:16,134601,26.1,37.0,5.8
2024-05-19,15:39:17,134602,26.2,37.2,5.8
2024-05-19,15:40:19,134603,26.1,37.3,5.8
2024-05-19,15:41:22,134604,26.2,37.9,5.8
2024-05-19,15:42:23,134605,26.2,37.9,5.8
2024-05-19,15:43:24,134606,26.2,38.0,5.8
2024-05-19,15:44:26,134607,26.2,38.1,5.8
2024-05-19,15:45:27,134608,26.2,38.2,5.8
2024-05-19,15:46:28,134609,26.2,38.6,5.8
2024-05-19,15:47:29,134610,26.2,38.7,5.8
2024-05-19,15:48:30,134611,26.2,38.9,5.8
2024-05-19,15:49:31,134612,26.2,39.1,5.8
2024-05-19,15:50:32,134613,26.2,39.1,5.0
2024-05-19,15:51:34,134614,26.2,39.3,5.0
2024-05-19,15:52:35,134615,26.2,39.3,5.0
2024-05-19,15:53:36,134616,26.2,39.4,5.0
2024-05-19,15:54:37,134617,26.2,39.4,5.0
2024-05-19,15:55:38,134618,26.2,39.5,5.0
2024-05-19,15:56:39,134619,26.2,39.6,5.0
2024-05-19,15:57:40,134620,26.2,39.8,5.0
2024-05-19,15:58:42,134621,26.2,39.8,5.0
2024-05-19,15:59:43,134622,26.2,39.9,5.0
2024-05-19,16:00:44,134623,26.2,40.0,5.0
2024-05-19,16:01:52,134624,26.2,40.1,5.0
2024-05-19,16:02:53,134625,26.2,40.1,5.0
2024-05-19,16:03:54,134626,26.2,40.2,5.0
2024-05-19,16:04:55,134627,26.2,40.3,5.0
2024-05-19,16:05:57,134628,26.2,40.3,5.0
2024-05-19,16:06:58,134629,26.2,40.3,5.0
2024-05-19,16:07:59,134630,26.2,40.3,5.0
2024-05-19,16:09:00,134631,26.2,40.4,5.0
2024-05-19,16:10:03,134632,26.2,40.5,5.0
2024-05-19,16:11:05,134633,26.2,40.5,5.0
2024-05-19,16:12:06,134634,26.2,40.5,5.0
2024-05-19,16:13:07,134635,26.2,40.5,5.0
2024-05-19,16:14:08,134636,26.2,40.5,5.0
2024-05-19,16:15:09,134637,26.2,40.5,5.0
2024-05-19,16:16:10,134638,26.2,40.5,5.0
2024-05-19,16:17:11,134639,26.2,40.5,5.0
2024-05-19,16:18:13,134640,26.2,40.5,5.0
2024-05-19,16:19:14,134641,26.2,40.4,5.0
2024-05-19,16:20:15,134642,26.2,40.4,5.0
2024-05-19,16:21:16,134643,26.2,40.4,5.0
2024-05-19,16:22:19,134644,26.2,40.4,5.0
2024-05-19,16:23:23,134645,26.2,40.3,5.0
2024-05-19,16:24:24,134646,26.2,40.3,5.0
2024-05-19,16:25:25,134647,26.2,40.3,5.0
2024-05-19,16:26:26,134648,26.1,40.3,5.0
2024-05-19,16:27:27,134649,26.1,40.3,5.0
2024-05-19,16:28:29,134650,26.1,40.2,5.0
2024-05-19,16:29:30,134651,26.1,40.2,5.0
2024-05-19,16:30:31,134652,26.1,40.1,5.0
2024-05-19,16:31:32,134653,26.1,40.1,4.2
2024-05-19,16:32:33,134654,26.1,40.1,5.0
2024-05-19,16:33:34,134655,26.1,40.0,4.2
2024-05-19,16:34:36,134656,26.1,40.0,4.2
2024-05-19,16:35:37,134657,26.1,40.0,4.2
2024-05-19,16:36:38,134658,26.1,39.9,4.2
2024-05-19,16:37:39,134659,26.1,39.8,4.2
2024-05-19,16:38:40,134660,26.1,39.7,4.2
2024-05-19,16:39:41,134661,26.1,39.7,4.2
2024-05-19,16:40:43,134662,26.1,39.7,4.2
2024-05-19,16:41:44,134663,26.1,39.7,4.2
2024-05-19,16:42:45,134664,26.1,39.7,4.2
2024-05-19,16:43:46,134665,26.1,39.6,4.2
2024-05-19,16:44:47,134666,26.1,39.6,4.2
2024-05-19,16:45:48,134667,26.1,39.5,4.2
2024-05-19,16:46:49,134668,26.1,39.5,4.2
2024-05-19,16:47:51,134669,26.1,39.4,4.2
2024-05-19,16:48:54,134670,26.1,39.3,4.2
2024-05-19,16:49:55,134671,26.1,39.3,4.2
2024-05-19,16:50:56,134672,26.1,39.3,4.2
2024-05-19,16:51:57,134673,26.1,39.3,4.2
2024-05-19,16:53:01,134674,26.0,39.3,4.2
2024-05-19,16:54:02,134675,26.0,39.3,4.2
2024-05-19,16:55:03,134676,26.0,39.3,4.2
2024-05-19,16:56:04,134677,26.0,39.2,4.2
2024-05-19,16:57:06,134678,26.0,39.2,4.2
2024-05-19,16:58:07,134679,26.0,39.2,4.2
2024-05-19,16:59:13,134680,26.0,39.0,4.2
2024-05-19,17:00:14,134681,26.0,39.0,4.2
2024-05-19,17:01:15,134682,26.0,39.0,4.2
2024-05-19,17:02:16,134683,26.0,39.0,4.2
2024-05-19,17:03:17,134684,26.0,39.0,4.2
2024-05-19,17:04:18,134685,26.0,39.0,4.2
2024-05-19,17:05:20,134686,26.0,39.1,4.2
2024-05-19,17:06:21,134687,26.0,39.1,4.2
2024-05-19,17:07:22,134688,26.0,39.1,4.2
2024-05-19,17:08:23,134689,26.0,39.0,4.2
2024-05-19,17:09:27,134690,26.0,39.1,4.2
2024-05-19,17:10:28,134691,26.0,39.1,4.2
2024-05-19,17:11:29,134692,26.0,39.0,4.2
2024-05-19,17:12:30,134693,26.0,39.0,4.2
2024-05-19,17:13:31,134694,26.0,39.0,4.2
2024-05-19,17:14:35,134695,26.0,39.0,4.2
2024-05-19,17:15:36,134696,26.0,39.0,4.2
2024-05-19,17:16:37,134697,26.0,39.0,4.2
2024-05-19,17:17:38,134698,26.0,39.0,4.2
2024-05-19,17:18:42,134699,26.0,39.1,3.3
2024-05-19,17:19:43,134700,26.0,39.1,3.3
2024-05-19,17:20:44,134701,26.0,39.1,3.3
2024-05-19,17:21:47,134702,26.0,39.1,3.3
2024-05-19,17:22:49,134703,26.0,39.1,3.3
2024-05-19,17:23:50,134704,26.0,39.1,3.3
2024-05-19,17:24:51,134705,26.0,39.1,3.3
2024-05-19,17:25:52,134706,26.0,39.2,3.3
2024-05-19,17:26:53,134707,26.0,39.2,3.3
2024-05-19,17:27:54,134708,26.0,39.2,3.3
2024-05-19,17:28:55,134709,26.0,39.2,3.3
2024-05-19,17:29:59,134710,26.0,39.3,3.3
2024-05-19,17:31:00,134711,26.0,39.3,3.3
2024-05-19,17:32:01,134712,26.0,39.3,3.3
2024-05-19,17:33:02,134713,26.0,39.3,3.3
2024-05-19,17:34:03,134714,26.0,39.3,3.3
2024-05-19,17:35:04,134715,26.0,39.3,3.3
2024-05-19,17:36:06,134716,26.0,39.3,2.5
2024-05-19,17:37:07,134717,26.0,39.3,2.5
2024-05-19,17:38:08,134718,26.0,39.3,2.5
2024-05-19,17:39:09,134719,26.0,39.3,2.5
2024-05-19,17:40:12,134720,26.0,39.3,2.5
2024-05-19,17:41:13,134721,26.0,39.3,2.5
2024-05-19,17:42:15,134722,26.0,39.3,2.5
2024-05-19,17:43:16,134723,26.0,39.3,2.5
2024-05-19,17:44:17,134724,26.0,39.3,2.5
2024-05-19,17:45:18,134725,26.0,39.3,2.5
2024-05-19,17:46:19,134726,26.0,39.2,2.5
2024-05-19,17:47:20,134727,26.0,39.2,2.5
2024-05-19,17:48:22,134728,26.0,39.1,2.5
2024-05-19,17:49:23,134729,26.0,39.1,2.5
2024-05-19,17:50:24,134730,26.0,39.1,2.5
2024-05-19,17:51:27,134731,26.0,39.1,2.5
2024-05-19,17:52:28,134732,26.0,39.1,2.5
2024-05-19,17:53:30,134733,26.0,39.1,2.5
2024-05-19,17:54:31,134734,26.0,39.1,2.5
2024-05-19,17:55:32,134735,26.0,39.1,2.5
2024-05-19,17:56:33,134736,26.0,39.2,1.7
2024-05-19,17:57:34,134737,26.0,39.2,1.7
2024-05-19,17:58:36,134738,25.9,39.2,1.7
2024-05-19,17:59:37,134739,25.9,39.1,1.7
2024-05-19,18:00:38,134740,25.9,39.1,1.7
2024-05-19,18:01:39,134741,26.0,39.1,1.7
2024-05-19,18:02:40,134742,25.9,39.1,1.7
2024-05-19,18:03:43,134743,25.9,39.1,1.7
2024-05-19,18:04:44,134744,25.9,39.1,1.7
2024-05-19,18:05:45,134745,25.9,39.1,1.7
2024-05-19,18:06:46,134746,25.9,39.0,1.7
2024-05-19,18:07:47,134747,25.9,39.0,1.7
2024-05-19,18:08:51,134748,25.9,38.9,1.7
2024-05-19,18:09:52,134749,25.9,38.9,1.7
2024-05-19,18:10:53,134750,25.9,38.8,1.7
2024-05-19,18:11:54,134751,25.9,38.7,1.7
2024-05-19,18:12:55,134752,25.9,38.7,1.7
2024-05-19,18:13:56,134753,25.9,38.8,1.7
2024-05-19,18:15:00,134754,25.9,38.7,1.7
2024-05-19,18:16:01,134755,25.9,38.7,1.7
2024-05-19,18:17:02,134756,25.9,38.7,1.7
2024-05-19,18:18:03,134757,25.9,38.7,1.7
2024-05-19,18:19:04,134758,25.9,38.6,1.7
2024-05-19,18:20:08,134759,25.9,38.5,1.7
2024-05-19,18:21:09,134760,25.9,38.5,1.7
2024-05-19,18:22:12,134761,25.8,38.4,1.7
2024-05-19,18:23:13,134762,25.9,38.5,1.7
2024-05-19,18:24:15,134763,25.8,38.4,1.7
2024-05-19,18:25:16,134764,25.9,38.4,1.7
2024-05-19,18:26:19,134765,25.9,38.3,1.7
2024-05-19,18:27:20,134766,25.9,38.3,1.7
2024-05-19,18:28:22,134767,25.9,38.3,0.8
2024-05-19,18:29:23,134768,25.9,38.3,0.8
2024-05-19,18:30:24,134769,25.9,38.3,0.8
2024-05-19,18:31:25,134770,25.8,38.2,0.8
2024-05-19,18:32:26,134771,25.9,38.2,0.8
2024-05-19,18:33:27,134772,25.8,38.3,0.8
2024-05-19,18:34:28,134773,25.9,38.3,0.8
2024-05-19,18:35:32,134774,25.9,38.2,0.8
2024-05-19,18:36:35,134775,25.8,38.2,0.8
2024-05-19,18:37:39,134776,25.9,38.2,0.8
2024-05-19,18:38:40,134777,25.9,38.2,0.8
2024-05-19,18:39:41,134778,25.9,38.2,0.8
2024-05-19,18:40:45,134779,25.8,38.1,0.8
2024-05-19,18:41:46,134780,25.8,38.1,0.8
2024-05-19,18:42:47,134781,25.8,38.0,0.8
2024-05-19,18:43:51,134782,25.8,38.0,0.8
2024-05-19,18:44:54,134783,25.8,38.0,0.8
2024-05-19,18:45:55,134784,25.8,38.0,0.8
2024-05-19,18:46:56,134785,25.8,38.0,0.8
2024-05-19,18:47:58,134786,25.8,38.0,0.8
2024-05-19,18:48:59,134787,25.8,38.0,0.8
2024-05-19,18:50:00,134788,25.8,38.0,0.8
2024-05-19,18:51:01,134789,25.8,38.0,0.8
2024-05-19,18:52:02,134790,25.8,38.0,0.8
2024-05-19,18:53:03,134791,25.8,37.9,0.8
2024-05-19,18:54:04,134792,25.8,37.8,0.8
2024-05-19,18:55:08,134793,25.8,37.8,0.8
2024-05-19,18:56:09,134794,25.8,37.8,0.8
2024-05-19,18:57:10,134795,25.8,37.8,0.8
2024-05-19,18:58:11,134796,25.8,37.8,0.8
2024-05-19,18:59:12,134797,25.8,37.8,0.8
2024-05-19,19:00:14,134798,25.8,37.8,0.8
2024-05-19,19:01:17,134799,25.8,37.7,0.8
2024-05-19,19:02:20,134800,25.8,37.7,0.8
2024-05-19,19:03:22,134801,25.8,37.7,0.8
2024-05-19,19:04:23,134802,25.8,37.6,0.8
2024-05-19,19:05:24,134803,25.8,37.6,0.8
2024-05-19,19:06:25,134804,25.8,37.6,0.8
2024-05-19,19:07:26,134805,25.8,37.6,0.8
2024-05-19,19:08:27,134806,25.8,37.5,0.8
2024-05-19,19:09:28,134807,25.8,37.5,0.8
2024-05-19,19:10:30,134808,25.8,37.5,0.8
2024-05-19,19:11:31,134809,25.8,37.5,0.0
2024-05-19,19:12:32,134810,25.8,37.4,0.0
2024-05-19,19:13:33,134811,25.8,37.4,0.0
2024-05-19,19:14:34,134812,25.8,37.4,0.0
2024-05-19,19:15:35,134813,25.8,37.4,0.0
2024-05-19,19:16:36,134814,25.8,37.3,0.0
2024-05-19,19:17:37,134815,25.8,37.3,0.0
2024-05-19,19:18:39,134816,25.8,37.3,0.0
2024-05-19,19:19:42,134817,25.8,37.3,0.0
2024-05-19,19:20:46,134818,25.7,37.3,0.0
2024-05-19,19:21:47,134819,25.7,37.3,0.0
2024-05-19,19:22:48,134820,25.7,37.2,0.0
2024-05-19,19:23:49,134821,25.7,37.2,0.0
2024-05-19,19:24:50,134822,25.7,37.2,0.0
2024-05-19,19:25:51,134823,25.7,37.2,0.0
2024-05-19,19:26:53,134824,25.7,37.2,0.0
2024-05-19,19:27:56,134825,25.7,37.2,0.0
2024-05-19,19:28:57,134826,25.7,37.2,0.0
2024-05-19,19:29:58,134827,25.7,37.1,0.0
2024-05-19,19:31:02,134828,25.7,37.2,0.0
2024-05-19,19:32:03,134829,25.7,37.2,0.0
2024-05-19,19:33:04,134830,25.7,37.2,0.0
2024-05-19,19:34:10,134831,25.6,37.2,0.0
2024-05-19,19:35:11,134832,25.6,37.2,0.0
2024-05-19,19:36:13,134833,25.6,37.3,0.0
2024-05-19,19:37:16,134834,25.6,37.3,0.0
2024-05-19,19:38:17,134835,25.6,37.3,0.0
2024-05-19,19:39:18,134836,25.6,37.3,0.0
2024-05-19,19:40:20,134837,25.6,37.3,0.0
2024-05-19,19:41:21,134838,25.6,37.4,0.0
2024-05-19,19:42:24,134839,25.6,37.4,0.0
2024-05-19,19:43:28,134840,25.6,37.5,0.0
2024-05-19,19:44:29,134841,25.6,37.5,0.0
2024-05-19,19:45:30,134842,25.6,37.5,0.0
2024-05-19,19:46:34,134843,25.6,37.6,0.0
2024-05-19,19:47:35,134844,25.6,37.6,0.0
2024-05-19,19:48:36,134845,25.6,37.6,0.0
2024-05-19,19:49:37,134846,25.6,37.8,0.0
2024-05-19,19:50:38,134847,25.6,37.8,0.0
2024-05-19,19:51:42,134848,25.6,38.0,0.0
2024-05-19,19:52:43,134849,25.6,37.9,0.0
2024-05-19,19:53:44,134850,25.6,38.0,0.0
2024-05-19,19:54:47,134851,25.6,38.0,0.0
2024-05-19,19:55:49,134852,25.6,38.0,0.0
2024-05-19,19:56:50,134853,25.6,38.1,0.0
2024-05-19,19:57:51,134854,25.6,38.1,0.0
2024-05-19,19:58:52,134855,25.6,38.2,0.0
2024-05-19,19:59:53,134856,25.6,38.2,0.0
2024-05-19,20:00:54,134857,25.6,38.2,0.0
2024-05-19,20:01:55,134858,25.6,38.2,0.0
2024-05-19,20:02:57,134859,25.6,38.3,0.0
2024-05-19,20:03:58,134860,25.6,38.3,0.0
2024-05-19,20:04:59,134861,25.6,38.4,0.0
2024-05-19,20:06:00,134862,25.6,38.4,0.0
2024-05-19,20:07:01,134863,25.5,38.4,0.0
2024-05-19,20:08:02,134864,25.5,38.5,0.0
2024-05-19,20:09:03,134865,25.5,38.5,0.0
2024-05-19,20:10:04,134866,25.5,38.6,0.0
2024-05-19,20:11:06,134867,25.5,38.6,0.0
2024-05-19,20:12:07,134868,25.5,38.7,0.0
2024-05-19,20:13:08,134869,25.5,38.7,0.0
2024-05-19,20:14:09,134870,25.5,38.7,0.0
2024-05-19,20:15:10,134871,25.5,38.8,0.0
2024-05-19,20:16:11,134872,25.5,38.9,0.0
2024-05-19,20:17:13,134873,25.5,39.0,0.0
2024-05-19,20:18:14,134874,25.5,39.0,0.0
2024-05-19,20:19:15,134875,25.5,39.1,0.0
2024-05-19,20:20:16,134876,25.5,39.2,0.0
2024-05-19,20:21:20,134877,25.5,39.3,0.0
2024-05-19,20:22:23,134878,25.5,39.4,0.0
2024-05-19,20:23:24,134879,25.5,39.4,0.0
2024-05-19,20:24:25,134880,25.5,39.5,0.0
2024-05-19,20:25:26,134881,25.5,39.6,0.0
2024-05-19,20:26:28,134882,25.5,39.7,0.0
2024-05-19,20:27:29,134883,25.5,39.8,0.0
2024-05-19,20:28:30,134884,25.5,40.0,0.0
2024-05-19,20:29:31,134885,25.5,40.1,0.0
2024-05-19,20:30:32,134886,25.5,40.2,0.0
2024-05-19,20:31:33,134887,25.4,40.3,0.0
2024-05-19,20:32:34,134888,25.4,40.3,0.0
2024-05-19,20:33:36,134889,25.4,40.5,0.0
2024-05-19,20:34:39,134890,25.4,40.6,0.0
2024-05-19,20:35:40,134891,25.4,40.6,0.0
2024-05-19,20:36:42,134892,25.4,40.7,0.0
2024-05-19,20:37:43,134893,25.4,40.8,0.0
2024-05-19,20:38:44,134894,25.4,40.9,0.0
2024-05-19,20:39:45,134895,25.4,41.0,0.0
2024-05-19,20:40:46,134896,25.4,41.1,0.0
2024-05-19,20:41:47,134897,25.4,41.1,0.0
2024-05-19,20:42:51,134898,25.4,41.2,0.0
2024-05-19,20:43:52,134899,25.4,41.2,0.0
2024-05-19,20:44:53,134900,25.4,41.3,0.0
2024-05-19,20:45:54,134901,25.4,41.4,0.0
2024-05-19,20:46:55,134902,25.4,41.5,0.0
2024-05-19,20:47:59,134903,25.3,41.7,0.0
2024-05-19,20:49:00,134904,25.4,41.7,0.0
2024-05-19,20:50:03,134905,25.4,41.9,0.0
2024-05-19,20:51:04,134906,25.4,41.8,0.0
2024-05-19,20:52:06,134907,25.4,41.9,0.0
2024-05-19,20:53:07,134908,25.4,42.1,0.0
2024-05-19,20:54:08,134909,25.4,42.1,0.0
2024-05-19,20:55:09,134910,25.4,42.2,0.0
2024-05-19,20:56:10,134911,25.3,42.3,0.0
2024-05-19,20:57:11,134912,25.3,42.3,0.0
2024-05-19,20:58:12,134913,25.3,42.5,0.0
2024-05-19,20:59:14,134914,25.3,42.5,0.0
2024-05-19,21:00:15,134915,25.3,42.6,0.0
2024-05-19,21:01:16,134916,25.3,42.7,0.0
2024-05-19,21:02:17,134917,25.3,42.7,0.0
2024-05-19,21:03:18,134918,25.3,42.8,0.0
2024-05-19,21:04:19,134919,25.3,42.9,0.0
2024-05-19,21:05:21,134920,25.3,42.9,0.0
2024-05-19,21:06:22,134921,25.3,43.0,0.0
2024-05-19,21:07:23,134922,25.3,43.0,0.0
2024-05-19,21:08:24,134923,25.3,43.1,0.0
2024-05-19,21:09:25,134924,25.3,43.2,0.0
2024-05-19,21:10:26,134925,25.3,43.2,0.0
2024-05-19,21:11:27,134926,25.3,43.2,0.0
2024-05-19,21:12:28,134927,25.3,43.3,0.0
2024-05-19,21:13:30,134928,25.3,43.4,0.0
2024-05-19,21:14:31,134929,25.3,43.4,0.0
2024-05-19,21:15:32,134930,25.3,43.5,0.0
2024-05-19,21:16:35,134931,25.3,43.6,0.0
2024-05-19,21:17:37,134932,25.3,43.6,0.0
2024-05-19,21:18:38,134933,25.3,43.7,0.0
2024-05-19,21:19:39,134934,25.3,43.7,0.0
2024-05-19,21:20:40,134935,25.2,43.8,0.0
2024-05-19,21:21:41,134936,25.2,43.8,0.0
2024-05-19,21:22:45,134937,25.2,43.9,0.0
2024-05-19,21:23:46,134938,25.2,43.9,0.0
2024-05-19,21:24:47,134939,25.3,44.0,0.0
2024-05-19,21:25:48,134940,25.2,43.9,0.0
2024-05-19,21:26:51,134941,25.2,44.0,0.0
2024-05-19,21:27:53,134942,25.2,44.0,0.0
2024-05-19,21:28:54,134943,25.2,44.1,0.0
2024-05-19,21:29:55,134944,25.2,44.1,0.0
2024-05-19,21:30:56,134945,25.2,44.2,0.0
2024-05-19,21:31:57,134946,25.2,44.2,0.0
2024-05-19,21:32:58,134947,25.2,44.3,0.0
2024-05-19,21:33:59,134948,25.2,44.4,0.0
2024-05-19,21:35:03,134949,25.2,44.5,0.0
2024-05-19,21:36:06,134950,25.2,44.5,0.0
2024-05-19,21:37:07,134951,25.2,44.4,0.0
2024-05-19,21:38:09,134952,25.2,44.6,0.0
2024-05-19,21:39:10,134953,25.2,44.6,0.0
2024-05-19,21:40:11,134954,25.2,44.6,0.0
2024-05-19,21:41:12,134955,25.2,44.6,0.0
2024-05-19,21:42:13,134956,25.2,44.6,0.0
2024-05-19,21:43:14,134957,25.2,44.7,0.0
2024-05-19,21:44:15,134958,25.2,44.8,0.0
2024-05-19,21:45:16,134959,25.2,44.8,0.0
2024-05-19,21:46:18,134960,25.2,44.8,0.0
2024-05-19,21:47:19,134961,25.2,44.8,0.0
2024-05-19,21:48:20,134962,25.1,44.9,0.0
2024-05-19,21:49:21,134963,25.2,44.9,0.0
2024-05-19,21:50:22,134964,25.2,44.9,0.0
2024-05-19,21:51:23,134965,25.1,45.0,0.0
2024-05-19,21:52:25,134966,25.1,45.0,0.0
2024-05-19,21:53:26,134967,25.1,45.0,0.0
2024-05-19,21:54:29,134968,25.1,45.0,0.0
2024-05-19,21:55:30,134969,25.1,45.0,0.0
2024-05-19,21:56:34,134970,25.1,44.9,0.0
2024-05-19,21:57:35,134971,25.1,44.9,0.0
2024-05-19,21:58:36,134972,25.1,44.8,0.0
2024-05-19,21:59:37,134973,25.1,44.8,0.0
2024-05-19,22:00:38,134974,25.1,44.7,0.0
2024-05-19,22:01:39,134975,25.0,44.7,0.0
2024-05-19,22:02:41,134976,25.0,44.6,0.0
2024-05-19,22:03:42,134977,25.1,44.6,0.0
2024-05-19,22:04:43,134978,25.0,44.5,0.0
2024-05-19,22:05:44,134979,25.0,44.5,0.0
2024-05-19,22:06:45,134980,25.0,44.4,0.0
2024-05-19,22:07:46,134981,25.0,44.4,0.0
2024-05-19,22:08:47,134982,25.0,44.3,0.0
2024-05-19,22:09:49,134983,25.0,44.2,0.0
2024-05-19,22:10:52,134984,25.0,44.1,0.0
2024-05-19,22:11:53,134985,25.0,44.1,0.0
2024-05-19,22:12:54,134986,25.0,44.0,0.0
2024-05-19,22:13:56,134987,25.0,44.0,0.0
2024-05-19,22:14:57,134988,25.0,43.8,0.0
2024-05-19,22:15:58,134989,25.0,43.8,0.0
2024-05-19,22:16:59,134990,25.0,43.7,0.0
2024-05-19,22:18:03,134991,25.0,43.7,0.0
2024-05-19,22:19:04,134992,25.0,43.7,0.0
2024-05-19,22:20:05,134993,25.0,43.7,0.0
2024-05-19,22:21:06,134994,25.0,43.6,0.0
2024-05-19,22:22:07,134995,25.0,43.5,0.0
2024-05-19,22:23:08,134996,25.0,43.5,0.0
2024-05-19,22:24:09,134997,25.0,43.4,0.0
2024-05-19,22:25:10,134998,25.0,43.4,0.0
2024-05-19,22:26:12,134999,25.0,43.3,0.0
2024-05-19,22:27:13,135000,24.9,43.2,0.0
2024-05-19,22:28:14,135001,24.9,43.2,0.0
2024-05-19,22:29:17,135002,24.9,43.1,0.0
2024-05-19,22:30:19,135003,24.9,43.1,0.0
2024-05-19,22:31:20,135004,24.8,43.0,0.0
2024-05-19,22:32:21,135005,24.8,43.0,0.0
2024-05-19,22:33:22,135006,24.8,43.0,0.0
2024-05-19,22:34:23,135007,24.8,43.0,0.0
2024-05-19,22:35:24,135008,24.8,43.0,0.0
2024-05-19,22:36:25,135009,24.8,43.0,0.0
2024-05-19,22:37:26,135010,24.8,42.9,0.0
2024-05-19,22:38:28,135011,24.8,42.9,0.0
2024-05-19,22:39:29,135012,24.8,42.9,0.0
2024-05-19,22:40:30,135013,24.8,42.9,0.0
2024-05-19,22:41:31,135014,24.8,42.8,0.0
2024-05-19,22:42:32,135015,24.8,42.8,0.0
2024-05-19,22:43:34,135016,24.8,42.7,0.0
2024-05-19,22:44:35,135017,24.8,42.6,0.0
2024-05-19,22:45:36,135018,24.8,42.6,0.0
2024-05-19,22:46:37,135019,24.8,42.6,0.0
2024-05-19,22:47:38,135020,24.8,42.6,0.0
2024-05-19,22:48:41,135021,24.8,42.5,0.0
2024-05-19,22:49:43,135022,24.8,42.5,0.0
2024-05-19,22:50:44,135023,24.8,42.5,0.0
2024-05-19,22:51:45,135024,24.7,42.5,0.0
2024-05-19,22:52:46,135025,24.7,42.4,0.0
2024-05-19,22:53:49,135026,24.7,42.3,0.0
2024-05-19,22:54:51,135027,24.7,42.3,0.0
2024-05-19,22:55:52,135028,24.7,42.3,0.0
2024-05-19,22:56:53,135029,24.7,42.3,0.0
2024-05-19,22:57:54,135030,24.7,42.2,0.0
2024-05-19,22:58:55,135031,24.7,42.2,0.0
2024-05-19,22:59:56,135032,24.7,42.2,0.0
2024-05-19,23:01:00,135033,24.7,42.2,0.0
2024-05-19,23:02:01,135034,24.7,42.2,0.0
2024-05-19,23:03:05,135035,24.6,42.2,0.0
2024-05-19,23:04:06,135036,24.6,42.2,0.0
2024-05-19,23:05:07,135037,24.6,42.2,0.0
2024-05-19,23:06:08,135038,24.6,42.2,0.0
2024-05-19,23:07:09,135039,24.6,42.2,0.0
2024-05-19,23:08:10,135040,24.6,42.3,0.0
2024-05-19,23:09:12,135041,24.6,42.3,0.0
2024-05-19,23:10:13,135042,24.6,42.3,0.0
2024-05-19,23:11:16,135043,24.6,42.3,0.0
2024-05-19,23:12:17,135044,24.6,42.3,0.0
2024-05-19,23:13:19,135045,24.6,42.3,0.0
2024-05-19,23:14:20,135046,24.6,42.3,0.0
2024-05-19,23:15:21,135047,24.5,42.3,0.0
2024-05-19,23:16:22,135048,24.5,42.3,0.0
2024-05-19,23:17:23,135049,24.5,42.3,0.0
2024-05-19,23:18:24,135050,24.5,42.3,0.0
2024-05-19,23:19:25,135051,24.5,42.3,0.0
2024-05-19,23:20:26,135052,24.5,42.3,0.0
2024-05-19,23:21:28,135053,24.5,42.3,0.0
2024-05-19,23:22:29,135054,24.5,42.3,0.0
2024-05-19,23:23:30,135055,24.5,42.3,0.0
2024-05-19,23:24:31,135056,24.5,42.3,0.0
2024-05-19,23:25:32,135057,24.5,42.4,0.0
2024-05-19,23:26:36,135058,24.5,42.4,0.0
2024-05-19,23:27:37,135059,24.4,42.4,0.0
2024-05-19,23:28:38,135060,24.4,42.4,0.0
2024-05-19,23:29:39,135061,24.4,42.5,0.0
2024-05-19,23:30:40,135062,24.4,42.5,0.0
2024-05-19,23:31:41,135063,24.4,42.5,0.0
2024-05-19,23:32:42,135064,24.4,42.5,0.0
2024-05-19,23:33:44,135065,24.4,42.6,0.0
2024-05-19,23:34:47,135066,24.4,42.6,0.0
2024-05-19,23:35:48,135067,24.4,42.6,0.0
2024-05-19,23:36:49,135068,24.4,42.6,0.0
2024-05-19,23:37:51,135069,24.4,42.7,0.0
2024-05-19,23:38:52,135070,24.4,42.7,0.0
2024-05-19,23:39:53,135071,24.4,42.8,0.0
2024-05-19,23:40:54,135072,24.4,42.8,0.0
2024-05-19,23:41:55,135073,24.3,42.9,0.0
2024-05-19,23:42:56,135074,24.3,42.9,0.0
2024-05-19,23:43:57,135075,24.3,42.9,0.0
2024-05-19,23:44:58,135076,24.3,43.0,0.0
2024-05-19,23:46:00,135077,24.2,43.0,0.0
2024-05-19,23:47:08,135078,24.2,43.1,0.0
2024-05-19,23:48:09,135079,24.2,43.1,0.0
2024-05-19,23:49:10,135080,24.2,43.2,0.0
2024-05-19,23:50:11,135081,24.2,43.2,0.0
2024-05-19,23:51:12,135082,24.2,43.3,0.0
2024-05-19,23:52:14,135083,24.2,43.3,0.0
2024-05-19,23:53:15,135084,24.2,43.4,0.0
2024-05-19,23:54:16,135085,24.2,43.5,0.0
2024-05-19,23:55:17,135086,24.2,43.5,0.0
2024-05-19,23:56:18,135087,24.2,43.5,0.0
2024-05-19,23:57:19,135088,24.2,43.6,0.0
2024-05-19,23:58:20,135089,24.2,43.6,0.0
2024-05-19,23:59:21,135090,24.2,43.6,0.0
2024-05-19,00:00:23,135091,24.2,43.7,0.0
2024-05-19,00:01:24,135092,24.2,43.7,0.0
2024-05-19,00:02:25,135093,24.2,43.7,0.0
2024-05-19,00:03:26,135094,24.2,43.7,0.0
2024-05-19,00:04:27,135095,24.2,43.7,0.0
2024-05-19,00:05:28,135096,24.2,43.8,0.0
2024-05-19,00:06:29,135097,24.2,43.8,0.0
2024-05-19,00:07:31,135098,24.2,43.8,0.0
2024-05-19,00:08:32,135099,24.2,43.8,0.0
2024-05-19,00:09:33,135100,24.2,43.8,0.0
2024-05-19,00:10:34,135101,24.2,43.9,0.0
2024-05-19,00:11:35,135102,24.2,43.9,0.0
2024-05-19,00:12:36,135103,24.2,43.9,0.0
2024-05-19,00:13:37,135104,24.2,43.9,0.0
2024-05-19,00:14:39,135105,24.2,43.9,0.0
2024-05-19,00:15:40,135106,24.2,43.9,0.0
2024-05-19,00:16:41,135107,24.3,44.0,0.0
2024-05-19,00:17:42,135108,24.3,44.0,0.0
2024-05-19,00:18:46,135109,24.3,44.0,0.0
2024-05-19,00:19:47,135110,24.3,44.0,0.0
2024-05-19,00:20:48,135111,24.3,44.0,0.0
2024-05-19,00:21:49,135112,24.3,44.1,0.0
2024-05-19,00:22:50,135113,24.3,44.1,0.0
2024-05-19,00:23:51,135114,24.3,44.1,0.0
2024-05-19,00:24:52,135115,24.3,44.1,0.0
2024-05-19,00:25:53,135116,24.3,44.1,0.0
2024-05-19,00:26:55,135117,24.3,44.2,0.0
2024-05-19,00:27:56,135118,24.3,44.2,0.0
2024-05-19,00:28:57,135119,24.3,44.3,0.0
2024-05-19,00:29:58,135120,24.3,44.3,0.0
2024-05-19,00:30:59,135121,24.3,44.3,0.0
2024-05-19,00:32:00,135122,24.3,44.3,0.0
2024-05-19,00:33:02,135123,24.3,44.4,0.0
2024-05-19,00:34:03,135124,24.3,44.4,0.0
2024-05-19,00:35:04,135125,24.3,44.4,0.0
2024-05-19,00:36:05,135126,24.3,44.4,0.0
2024-05-19,00:37:08,135127,24.2,44.5,0.0
2024-05-19,00:38:10,135128,24.3,44.5,0.0
2024-05-19,00:39:11,135129,24.2,44.5,0.0
2024-05-19,00:40:17,135130,24.3,44.5,0.0
2024-05-19,00:41:18,135131,24.2,44.5,0.0
2024-05-19,00:42:19,135132,24.2,44.6,0.0
2024-05-19,00:43:20,135133,24.2,44.6,0.0
2024-05-19,00:44:23,135134,24.2,44.7,0.0
2024-05-19,00:45:25,135135,24.2,44.7,0.0
2024-05-19,00:46:26,135136,24.2,44.7,0.0
2024-05-19,00:47:29,135137,24.2,44.8,0.0
2024-05-19,00:48:30,135138,24.2,44.8,0.0
2024-05-19,00:49:32,135139,24.2,44.8,0.0
2024-05-19,00:50:33,135140,24.2,44.8,0.0
2024-05-19,00:51:34,135141,24.2,44.9,0.0
2024-05-19,00:52:35,135142,24.2,44.9,0.0
2024-05-19,00:53:36,135143,24.2,45.0,0.0
2024-05-19,00:54:40,135144,24.2,45.0,0.0
2024-05-19,00:55:41,135145,24.2,45.0,0.0
2024-05-19,00:56:42,135146,24.2,45.0,0.0
2024-05-19,00:57:43,135147,24.2,45.1,0.0
2024-05-19,00:58:44,135148,24.2,45.1,0.0
2024-05-19,00:59:45,135149,24.1,45.1,0.0
2024-05-19,01:00:46,135150,24.1,45.2,0.0
2024-05-19,01:01:50,135151,24.1,45.2,0.0
2024-05-19,01:02:51,135152,24.1,45.2,0.0
2024-05-19,01:03:52,135153,24.1,45.2,0.0
2024-05-19,01:04:53,135154,24.1,45.2,0.0
2024-05-19,01:05:57,135155,24.0,45.3,0.0
2024-05-19,01:06:58,135156,24.1,45.2,0.0
2024-05-19,01:07:59,135157,24.0,45.2,0.0
2024-05-19,01:09:00,135158,24.0,45.3,0.0
2024-05-19,01:10:01,135159,24.0,45.3,0.0
2024-05-19,01:11:02,135160,24.0,45.3,0.0
2024-05-19,01:12:04,135161,24.0,45.3,0.0
2024-05-19,01:13:05,135162,24.0,45.3,0.0
2024-05-19,01:14:06,135163,24.0,45.2,0.0
2024-05-19,01:15:07,135164,24.0,45.2,0.0
2024-05-19,01:16:08,135165,24.0,45.2,0.0
2024-05-19,01:17:09,135166,24.0,45.2,0.0
2024-05-19,01:18:13,135167,24.0,45.2,0.0
2024-05-19,01:19:14,135168,24.0,45.2,0.0
2024-05-19,01:20:15,135169,24.0,45.2,0.0
2024-05-19,01:21:16,135170,24.0,45.2,0.0
2024-05-19,01:22:17,135171,24.0,45.2,0.0
2024-05-19,01:23:19,135172,24.0,45.2,0.0
2024-05-19,01:24:20,135173,24.0,45.2,0.0
2024-05-19,01:25:21,135174,24.0,45.2,0.0
2024-05-19,01:26:22,135175,24.0,45.2,0.0
2024-05-19,01:27:23,135176,24.0,45.3,0.0
2024-05-19,01:28:24,135177,24.0,45.3,0.0
2024-05-19,01:29:26,135178,24.0,45.3,0.0
2024-05-19,01:30:27,135179,24.0,45.3,0.0
2024-05-19,01:31:28,135180,24.0,45.4,0.0
2024-05-19,01:32:29,135181,24.0,45.4,0.0
2024-05-19,01:33:30,135182,23.9,45.4,0.0
2024-05-19,01:34:31,135183,23.9,45.4,4.2
2024-05-19,01:35:33,135184,23.9,45.4,4.2
2024-05-19,01:36:34,135185,23.9,45.4,4.2
2024-05-19,01:37:35,135186,23.9,45.4,4.2
2024-05-19,01:38:36,135187,23.9,45.4,4.2
2024-05-19,01:39:37,135188,23.9,45.5,4.2
2024-05-19,01:40:38,135189,23.9,45.5,0.0
2024-05-19,01:41:39,135190,23.8,45.6,0.0
2024-05-19,01:42:41,135191,23.8,45.7,0.0
2024-05-19,01:43:42,135192,23.8,45.7,0.0
2024-05-19,01:44:43,135193,23.8,45.6,0.0
2024-05-19,01:45:46,135194,23.8,45.6,0.0
2024-05-19,01:46:48,135195,23.8,45.6,0.0
2024-05-19,01:47:49,135196,23.8,45.6,0.0
2024-05-19,01:48:52,135197,23.8,45.6,0.0
2024-05-19,01:49:53,135198,23.8,45.6,0.0
2024-05-19,01:50:55,135199,23.7,45.6,0.0
2024-05-19,01:51:56,135200,23.7,45.5,0.0
2024-05-19,01:52:59,135201,23.7,45.5,0.0
2024-05-19,01:54:00,135202,23.7,45.5,0.0
2024-05-19,01:55:01,135203,23.7,45.5,0.0
2024-05-19,01:56:03,135204,23.7,45.4,0.0
2024-05-19,01:57:04,135205,23.7,45.4,0.0
2024-05-19,01:58:05,135206,23.6,45.4,0.0
2024-05-19,01:59:06,135207,23.6,45.4,0.0
2024-05-19,02:00:07,135208,23.6,45.4,0.0
2024-05-19,02:01:08,135209,23.6,45.4,0.0
2024-05-19,02:02:10,135210,23.6,45.4,0.0
2024-05-19,02:03:11,135211,23.6,45.4,0.0
2024-05-19,02:04:12,135212,23.6,45.3,0.0
2024-05-19,02:05:13,135213,23.6,45.3,0.0
2024-05-19,02:06:14,135214,23.6,45.3,0.0
2024-05-19,02:07:18,135215,23.6,45.2,0.0
2024-05-19,02:08:19,135216,23.6,45.2,0.0
2024-05-19,02:09:20,135217,23.6,45.3,0.0
2024-05-19,02:10:21,135218,23.6,45.3,0.0
2024-05-19,02:11:22,135219,23.6,45.2,0.0
2024-05-19,02:12:23,135220,23.5,45.3,0.0
2024-05-19,02:13:24,135221,23.5,45.3,0.0
2024-05-19,02:14:28,135222,23.5,45.3,0.0
2024-05-19,02:15:29,135223,23.5,45.3,0.0
2024-05-19,02:16:30,135224,23.5,45.3,0.0
2024-05-19,02:17:31,135225,23.5,45.3,0.0
2024-05-19,02:18:32,135226,23.5,45.3,0.0
2024-05-19,02:19:34,135227,23.5,45.3,0.0
2024-05-19,02:20:35,135228,23.5,45.3,0.0
2024-05-19,02:21:36,135229,23.5,45.2,0.0
2024-05-19,02:22:37,135230,23.5,45.2,0.0
2024-05-19,02:23:38,135231,23.5,45.3,0.0
2024-05-19,02:24:39,135232,23.5,45.3,0.0
2024-05-19,02:25:41,135233,23.5,45.3,0.0
2024-05-19,02:26:42,135234,23.5,45.3,0.0
2024-05-19,02:27:43,135235,23.5,45.3,0.0
2024-05-19,02:28:44,135236,23.5,45.3,0.0
2024-05-19,02:29:45,135237,23.5,45.3,0.0
2024-05-19,02:30:46,135238,23.5,45.3,0.0
2024-05-19,02:31:47,135239,23.5,45.3,0.0
2024-05-19,02:32:49,135240,23.5,45.3,0.0
2024-05-19,02:33:50,135241,23.5,45.3,0.0
2024-05-19,02:34:51,135242,23.5,45.4,0.0
2024-05-19,02:35:52,135243,23.5,45.4,0.0
2024-05-19,02:36:53,135244,23.5,45.4,0.0
2024-05-19,02:37:54,135245,23.5,45.4,0.0
2024-05-19,02:38:56,135246,23.5,45.4,0.0
2024-05-19,02:39:57,135247,23.5,45.4,0.0
2024-05-19,02:40:58,135248,23.5,45.3,0.0
2024-05-19,02:41:59,135249,23.5,45.3,0.0
2024-05-19,02:43:00,135250,23.5,45.3,0.0
2024-05-19,02:44:01,135251,23.5,45.3,0.0
2024-05-19,02:45:02,135252,23.5,45.3,0.0
2024-05-19,02:46:04,135253,23.5,45.3,0.0
2024-05-19,02:47:05,135254,23.5,45.3,0.0
2024-05-19,02:48:06,135255,23.5,45.3,0.0
2024-05-19,02:49:07,135256,23.5,45.3,0.0
2024-05-19,02:50:08,135257,23.4,45.3,0.0
2024-05-19,02:51:12,135258,23.4,45.3,0.0
2024-05-19,02:52:13,135259,23.4,45.3,0.0
2024-05-19,02:53:14,135260,23.4,45.3,0.0
2024-05-19,02:54:15,135261,23.4,45.3,0.0
2024-05-19,02:55:16,135262,23.4,45.3,0.0
2024-05-19,02:56:17,135263,23.4,45.3,0.0
2024-05-19,02:57:21,135264,23.4,45.3,0.0
2024-05-19,02:58:22,135265,23.4,45.3,0.0
2024-05-19,02:59:23,135266,23.4,45.3,0.0
2024-05-19,03:00:24,135267,23.4,45.3,0.0
2024-05-19,03:01:28,135268,23.4,45.3,0.0
2024-05-19,03:02:29,135269,23.4,45.3,0.0
2024-05-19,03:03:30,135270,23.4,45.3,0.0
2024-05-19,03:04:31,135271,23.4,45.3,0.0
2024-05-19,03:05:32,135272,23.4,45.3,0.0
2024-05-19,03:06:33,135273,23.3,45.2,0.0
2024-05-19,03:07:35,135274,23.3,45.2,0.0
2024-05-19,03:08:36,135275,23.3,45.2,0.0
2024-05-19,03:09:37,135276,23.3,45.3,0.0
2024-05-19,03:10:38,135277,23.3,45.2,0.0
2024-05-19,03:11:39,135278,23.3,45.2,0.0
2024-05-19,03:12:40,135279,23.3,45.2,0.0
2024-05-19,03:13:41,135280,23.3,45.2,0.0
2024-05-19,03:14:43,135281,23.3,45.2,0.0
2024-05-19,03:15:44,135282,23.3,45.2,0.0
2024-05-19,03:16:45,135283,23.3,45.2,0.0
2024-05-19,03:17:46,135284,23.3,45.2,0.0
2024-05-19,03:18:47,135285,23.3,45.2,0.0
2024-05-19,03:19:48,135286,23.2,45.2,0.0
2024-05-19,03:20:49,135287,23.2,45.2,0.0
2024-05-19,03:21:53,135288,23.2,45.2,0.0
2024-05-19,03:22:54,135289,23.2,45.2,0.0
2024-05-19,03:23:55,135290,23.2,45.3,0.0
2024-05-19,03:24:56,135291,23.2,45.2,0.0
2024-05-19,03:25:57,135292,23.2,45.3,0.0
2024-05-19,03:26:59,135293,23.2,45.3,0.0
2024-05-19,03:28:00,135294,23.2,45.3,0.0
2024-05-19,03:29:01,135295,23.1,45.3,0.0
2024-05-19,03:30:02,135296,23.1,45.4,0.0
2024-05-19,03:31:03,135297,23.1,45.4,0.0
2024-05-19,03:32:04,135298,23.1,45.4,0.0
2024-05-19,03:33:05,135299,23.1,45.4,0.0
2024-05-19,03:34:09,135300,23.1,45.4,0.0
2024-05-19,03:35:10,135301,23.1,45.4,0.0
2024-05-19,03:36:11,135302,23.1,45.4,0.0
2024-05-19,03:37:12,135303,23.1,45.4,0.0
2024-05-19,03:38:13,135304,23.1,45.4,0.0
2024-05-19,03:39:17,135305,23.1,45.4,0.0
2024-05-19,03:40:18,135306,23.1,45.4,0.0
2024-05-19,03:41:19,135307,23.1,45.4,0.0
2024-05-19,03:42:20,135308,23.1,45.5,0.0
2024-05-19,03:43:21,135309,23.1,45.4,0.0
2024-05-19,03:44:23,135310,23.1,45.5,0.0
2024-05-19,03:45:24,135311,23.1,45.5,0.0
2024-05-19,03:46:25,135312,23.1,45.5,0.0
2024-05-19,03:47:26,135313,23.1,45.5,0.0
2024-05-19,03:48:27,135314,23.1,45.5,0.0
2024-05-19,03:49:28,135315,23.1,45.5,0.0
2024-05-19,03:50:30,135316,23.1,45.5,0.0
2024-05-19,03:51:31,135317,23.1,45.5,0.0
2024-05-19,03:52:32,135318,23.1,45.5,0.0
2024-05-19,03:53:33,135319,23.0,45.5,0.0
2024-05-19,03:54:36,135320,23.0,45.5,0.0
2024-05-19,03:55:38,135321,23.0,45.5,0.0
2024-05-19,03:56:39,135322,23.1,45.5,0.0
2024-05-19,03:57:40,135323,23.0,45.5,0.0
2024-05-19,03:58:41,135324,23.1,45.5,0.0
2024-05-19,03:59:42,135325,23.1,45.5,0.0
2024-05-19,04:00:43,135326,23.1,45.5,0.0
2024-05-19,04:01:45,135327,23.1,45.4,0.0
2024-05-19,04:02:46,135328,23.1,45.4,0.0
2024-05-19,04:03:47,135329,23.1,45.3,0.0
2024-05-19,04:04:48,135330,23.1,45.3,0.0
2024-05-19,04:05:52,135331,23.1,45.2,0.0
2024-05-19,04:06:55,135332,23.1,45.2,0.0
2024-05-19,04:07:56,135333,23.1,45.2,0.0
2024-05-19,04:08:58,135334,23.0,45.1,0.0
2024-05-19,04:09:59,135335,23.1,45.1,0.0
2024-05-19,04:11:00,135336,23.0,45.1,0.0
2024-05-19,04:12:01,135337,23.0,45.1,0.0
2024-05-19,04:13:02,135338,23.0,45.0,0.0
2024-05-19,04:14:03,135339,23.0,45.0,0.0
2024-05-19,04:15:07,135340,23.0,45.0,0.0
2024-05-19,04:16:08,135341,23.0,45.0,0.0
2024-05-19,04:17:11,135342,23.0,45.0,0.0
2024-05-19,04:18:13,135343,23.0,45.0,0.0
2024-05-19,04:19:14,135344,23.0,45.0,0.0
2024-05-19,04:20:17,135345,23.0,45.0,0.0
2024-05-19,04:21:21,135346,23.0,45.0,0.0
2024-05-19,04:22:22,135347,22.9,45.0,0.0
2024-05-19,04:23:23,135348,22.9,45.0,0.0
2024-05-19,04:24:24,135349,22.9,45.0,0.0
2024-05-19,04:25:25,135350,22.9,45.0,0.0
2024-05-19,04:26:26,135351,22.9,45.0,0.0
2024-05-19,04:27:30,135352,22.9,45.1,0.0
2024-05-19,04:28:31,135353,22.9,45.0,0.0
2024-05-19,04:29:34,135354,22.8,45.1,0.0
2024-05-19,04:30:36,135355,22.9,45.1,0.0
2024-05-19,04:31:37,135356,22.8,45.1,0.0
2024-05-19,04:32:40,135357,22.8,45.1,0.0
2024-05-19,04:33:44,135358,22.8,45.1,0.0
2024-05-19,04:34:45,135359,22.8,45.1,0.0
2024-05-19,04:35:46,135360,22.8,45.1,0.0
2024-05-19,04:36:47,135361,22.8,45.1,0.0
2024-05-19,04:37:48,135362,22.8,45.2,0.0
2024-05-19,04:38:49,135363,22.7,45.2,0.0
2024-05-19,04:39:53,135364,22.7,45.2,0.0
2024-05-19,04:40:54,135365,22.7,45.2,0.0
2024-05-19,04:41:55,135366,22.7,45.2,0.0
2024-05-19,04:42:56,135367,22.7,45.2,0.0
2024-05-19,04:43:57,135368,22.7,45.3,0.0
2024-05-19,04:44:59,135369,22.7,45.3,0.0
2024-05-19,04:46:00,135370,22.6,45.3,0.0
2024-05-19,04:47:01,135371,22.6,45.3,0.0
2024-05-19,04:48:02,135372,22.6,45.3,0.0
2024-05-19,04:49:03,135373,22.6,45.3,0.0
2024-05-19,04:50:04,135374,22.6,45.3,0.0
2024-05-19,04:51:08,135375,22.6,45.3,0.0
2024-05-19,04:52:09,135376,22.6,45.3,0.0
2024-05-19,04:53:10,135377,22.6,45.3,0.0
2024-05-19,04:54:11,135378,22.6,45.3,0.0
2024-05-19,04:55:12,135379,22.6,45.3,0.0
2024-05-19,04:56:13,135380,22.6,45.3,0.0
2024-05-19,04:57:15,135381,22.6,45.3,0.0
2024-05-19,04:58:16,135382,22.6,45.3,0.0
2024-05-19,04:59:17,135383,22.6,45.3,0.0
2024-05-19,05:00:18,135384,22.5,45.3,0.0
2024-05-19,05:01:19,135385,22.5,45.3,0.0
2024-05-19,05:02:20,135386,22.6,45.3,0.0
2024-05-19,05:03:24,135387,22.5,45.3,0.0
2024-05-19,05:04:25,135388,22.6,45.3,0.0
2024-05-19,05:05:26,135389,22.5,45.3,0.0
2024-05-19,05:06:27,135390,22.5,45.3,0.0
2024-05-19,05:07:28,135391,22.5,45.3,0.0
2024-05-19,05:08:29,135392,22.5,45.3,0.0
2024-05-19,05:09:30,135393,22.5,45.3,0.0
2024-05-19,05:10:39,135394,22.5,45.2,0.0
2024-05-19,05:11:42,135395,22.5,45.2,0.0
2024-05-19,05:12:43,135396,22.5,45.2,0.0
2024-05-19,05:13:44,135397,22.5,45.2,0.0
2024-05-19,05:14:48,135398,22.5,45.2,0.0
2024-05-19,05:15:49,135399,22.5,45.2,0.0
2024-05-19,05:16:50,135400,22.5,45.2,0.0
2024-05-19,05:17:54,135401,22.5,45.2,0.0
2024-05-19,05:18:57,135402,22.5,45.2,0.0
2024-05-19,05:19:58,135403,22.5,45.2,0.0
2024-05-19,05:20:59,135404,22.5,45.2,0.0
2024-05-19,05:22:03,135405,22.5,45.2,0.0
2024-05-19,05:23:04,135406,22.5,45.2,0.0
2024-05-19,05:24:05,135407,22.5,45.2,0.0
2024-05-19,05:25:07,135408,22.5,45.2,0.0
2024-05-19,05:26:08,135409,22.5,45.2,0.0
2024-05-19,05:27:09,135410,22.5,45.2,0.0
2024-05-19,05:28:12,135411,22.5,45.2,0.0
2024-05-19,05:29:14,135412,22.5,45.2,0.0
2024-05-19,05:30:15,135413,22.5,45.2,0.0
2024-05-19,05:31:18,135414,22.5,45.2,0.0
2024-05-19,05:32:19,135415,22.5,45.2,0.0
2024-05-19,05:33:20,135416,22.5,45.2,0.0
2024-05-19,05:34:22,135417,22.5,45.2,0.0
2024-05-19,05:35:23,135418,22.5,45.1,0.0
2024-05-19,05:36:24,135419,22.5,45.1,0.0
2024-05-19,05:37:25,135420,22.5,45.1,0.0
2024-05-19,05:38:26,135421,22.5,45.1,0.0
2024-05-19,05:39:28,135422,22.5,45.1,0.0
2024-05-19,05:40:29,135423,22.5,45.1,0.0
2024-05-19,05:41:30,135424,22.5,45.1,0.8
2024-05-19,05:42:31,135425,22.5,45.1,0.8
2024-05-19,05:43:32,135426,22.5,45.1,0.8
2024-05-19,05:44:36,135427,22.5,45.1,0.8
2024-05-19,05:45:37,135428,22.5,45.1,0.8
2024-05-19,05:46:38,135429,22.5,45.1,0.8
2024-05-19,05:47:39,135430,22.5,45.1,0.8
2024-05-19,05:48:40,135431,22.5,45.1,0.8
2024-05-19,05:49:41,135432,22.5,45.1,0.8
2024-05-19,05:50:45,135433,22.5,45.0,0.8
2024-05-19,05:51:46,135434,22.5,45.0,0.8
2024-05-19,05:52:50,135435,22.5,44.9,0.8
2024-05-19,05:53:51,135436,22.5,44.9,0.8
2024-05-19,05:54:54,135437,22.5,44.8,0.8
2024-05-19,05:55:55,135438,22.5,44.8,0.8
2024-05-19,05:56:56,135439,22.5,44.7,0.8
2024-05-19,05:57:58,135440,22.4,44.7,0.8
2024-05-19,05:58:59,135441,22.5,44.6,0.8
2024-05-19,06:00:00,135442,22.5,44.6,0.8
2024-05-19,06:01:01,135443,22.5,44.5,0.8
2024-05-19,06:02:02,135444,22.5,44.5,0.8
2024-05-19,06:03:06,135445,22.5,44.5,1.7
2024-05-19,06:04:07,135446,22.5,44.4,1.7
2024-05-19,06:05:08,135447,22.5,44.4,1.7
2024-05-19,06:06:09,135448,22.5,44.4,1.7
2024-05-19,06:07:10,135449,22.5,44.4,1.7
2024-05-19,06:08:11,135450,22.5,44.5,1.7
2024-05-19,06:09:12,135451,22.5,44.5,1.7
2024-05-19,06:10:14,135452,22.5,44.5,1.7
2024-05-19,06:11:15,135453,22.5,44.4,1.7
2024-05-19,06:12:16,135454,22.5,44.4,1.7
2024-05-19,06:13:17,135455,22.5,44.4,1.7
2024-05-19,06:14:18,135456,22.5,44.4,1.7
2024-05-19,06:15:19,135457,22.5,44.4,1.7
2024-05-19,06:16:20,135458,22.5,44.4,1.7
2024-05-19,06:17:21,135459,22.5,44.4,1.7
2024-05-19,06:18:23,135460,22.5,44.3,1.7
2024-05-19,06:19:26,135461,22.5,44.3,1.7
2024-05-19,06:20:27,135462,22.5,44.3,1.7
2024-05-19,06:21:28,135463,22.5,44.3,1.7
2024-05-19,06:22:29,135464,22.5,44.3,1.7
2024-05-19,06:23:33,135465,22.4,44.3,1.7
2024-05-19,06:24:34,135466,22.4,44.3,1.7
2024-05-19,06:25:35,135467,22.4,44.3,1.7
2024-05-19,06:26:39,135468,22.4,44.3,1.7
2024-05-19,06:27:40,135469,22.4,44.2,2.5
2024-05-19,06:28:41,135470,22.3,44.2,2.5
2024-05-19,06:29:42,135471,22.3,44.3,2.5
2024-05-19,06:30:43,135472,22.3,44.3,2.5
2024-05-19,06:31:47,135473,22.3,44.3,2.5
2024-05-19,06:32:48,135474,22.3,44.3,2.5
2024-05-19,06:33:49,135475,22.3,44.4,2.5
2024-05-19,06:34:53,135476,22.3,44.4,3.3
2024-05-19,06:35:54,135477,22.3,44.4,2.5
2024-05-19,06:36:55,135478,22.3,44.4,2.5
2024-05-19,06:37:56,135479,22.4,44.4,2.5
2024-05-19,06:38:57,135480,22.4,44.4,2.5
2024-05-19,06:39:58,135481,22.4,44.4,3.3
2024-05-19,06:41:00,135482,22.4,44.4,3.3
2024-05-19,06:42:01,135483,22.5,44.4,3.3
2024-05-19,06:43:02,135484,22.5,44.4,4.2
2024-05-19,06:44:03,135485,22.5,44.4,4.2
2024-05-19,06:45:04,135486,22.5,44.4,3.3
2024-05-19,06:46:05,135487,22.5,44.4,4.2
2024-05-19,06:47:07,135488,22.5,44.4,5.0
2024-05-19,06:48:08,135489,22.5,44.4,5.0
2024-05-19,06:49:09,135490,22.5,44.4,5.0
2024-05-19,06:50:10,135491,22.5,44.4,5.0
2024-05-19,06:51:14,135492,22.5,44.4,5.0
2024-05-19,06:52:17,135493,22.5,44.4,5.0
2024-05-19,06:53:18,135494,22.6,44.4,5.0
2024-05-19,06:54:19,135495,22.5,44.4,5.0
2024-05-19,06:55:23,135496,22.6,44.4,5.8
2024-05-19,06:56:24,135497,22.6,44.4,5.8
2024-05-19,06:57:25,135498,22.6,44.4,6.7
2024-05-19,06:58:26,135499,22.6,44.4,5.8
2024-05-19,06:59:27,135500,22.6,44.4,5.8
2024-05-19,07:00:28,135501,22.6,44.3,5.8
2024-05-19,07:01:30,135502,22.7,44.3,5.8
2024-05-19,07:02:31,135503,22.7,44.3,5.8
2024-05-19,07:03:32,135504,22.6,44.3,5.0
2024-05-19,07:04:33,135505,22.7,44.3,5.0
2024-05-19,07:05:34,135506,22.7,44.3,5.0
2024-05-19,07:06:35,135507,22.7,44.3,5.8
2024-05-19,07:07:36,135508,22.7,44.3,5.8
2024-05-19,07:08:38,135509,22.8,44.3,5.8
2024-05-19,07:09:41,135510,22.8,44.2,5.0
2024-05-19,07:10:42,135511,22.8,44.2,5.0
2024-05-19,07:11:46,135512,22.8,44.2,5.8
2024-05-19,07:12:47,135513,22.8,44.2,5.8
2024-05-19,07:13:48,135514,22.8,44.2,5.8
2024-05-19,07:14:49,135515,22.8,44.2,5.8
2024-05-19,07:15:52,135516,22.9,44.2,5.8
2024-05-19,07:16:54,135517,22.9,44.2,6.7
2024-05-19,07:17:55,135518,22.9,44.2,7.5
2024-05-19,07:18:56,135519,22.9,44.2,8.3
2024-05-19,07:19:59,135520,23.0,44.2,9.2
2024-05-19,07:21:01,135521,23.0,44.1,7.5
2024-05-19,07:22:02,135522,23.0,44.2,5.0
2024-05-19,07:23:05,135523,23.0,44.1,6.7
2024-05-19,07:24:06,135524,23.0,44.1,5.8
2024-05-19,07:25:07,135525,23.0,44.1,5.8
2024-05-19,07:26:09,135526,23.1,44.1,8.3
2024-05-19,07:27:10,135527,23.1,44.0,6.7
2024-05-19,07:28:11,135528,23.1,44.0,5.0
2024-05-19,07:29:12,135529,23.1,44.0,5.0
2024-05-19,07:30:13,135530,23.1,44.0,5.0
2024-05-19,07:31:14,135531,23.1,44.0,5.8
2024-05-19,07:32:15,135532,23.2,44.0,5.8
2024-05-19,07:33:17,135533,23.2,44.0,5.0
2024-05-19,07:34:18,135534,23.2,44.0,6.7
2024-05-19,07:35:19,135535,23.2,44.0,5.8
2024-05-19,07:36:20,135536,23.2,44.0,6.7
2024-05-19,07:37:21,135537,23.2,44.0,10.0
2024-05-19,07:38:22,135538,23.2,43.9,5.8
2024-05-19,07:39:24,135539,23.2,43.9,5.8
2024-05-19,07:40:25,135540,23.3,43.9,9.2
2024-05-19,07:41:26,135541,23.3,43.9,7.5
2024-05-19,07:42:27,135542,23.3,43.9,8.3
2024-05-19,07:43:28,135543,23.3,43.9,6.7
2024-05-19,07:44:29,135544,23.3,43.9,5.8
2024-05-19,07:45:30,135545,23.3,43.8,5.0
2024-05-19,07:46:31,135546,23.3,43.8,5.0
2024-05-19,07:47:33,135547,23.3,43.8,5.8
2024-05-19,07:48:34,135548,23.3,43.8,6.7
2024-05-19,07:49:35,135549,23.3,43.8,5.8
2024-05-19,07:50:36,135550,23.3,43.8,5.8
2024-05-19,07:51:37,135551,23.3,43.9,5.8
2024-05-19,07:52:38,135552,23.3,43.8,5.8
2024-05-19,07:53:39,135553,23.3,43.9,5.8
2024-05-19,07:54:41,135554,23.3,43.9,5.8
2024-05-19,07:55:42,135555,23.3,43.9,5.8
2024-05-19,07:56:43,135556,23.4,43.9,6.7
2024-05-19,07:57:44,135557,23.4,43.9,6.7
2024-05-19,07:58:45,135558,23.4,43.8,11.7
2024-05-19,07:59:46,135559,23.4,43.8,8.3
2024-05-19,08:00:50,135560,23.4,43.8,12.5
2024-05-19,08:01:51,135561,23.4,43.8,12.5
2024-05-19,08:02:52,135562,23.4,43.8,13.3
2024-05-19,08:03:53,135563,23.4,43.8,13.3
2024-05-19,08:04:57,135564,23.4,43.8,11.7
2024-05-19,08:05:58,135565,23.4,43.8,12.5
2024-05-19,08:07:01,135566,23.5,43.8,13.3
2024-05-19,08:08:02,135567,23.5,43.7,13.3
2024-05-19,08:09:04,135568,23.5,43.8,13.3
2024-05-19,08:10:05,135569,23.5,43.7,13.3
2024-05-19,08:11:06,135570,23.6,43.7,13.3
2024-05-19,08:12:07,135571,23.6,43.7,13.3
2024-05-19,08:13:08,135572,23.6,43.7,14.2
2024-05-19,08:14:09,135573,23.6,43.7,14.2
2024-05-19,08:15:10,135574,23.6,43.6,13.3
2024-05-19,08:16:11,135575,23.6,43.6,12.5
2024-05-19,08:17:13,135576,23.6,43.6,8.3
2024-05-19,08:18:14,135577,23.7,43.6,10.8
2024-05-19,08:19:15,135578,23.7,43.5,10.0
2024-05-19,08:20:16,135579,23.7,43.5,12.5
2024-05-19,08:21:17,135580,23.8,43.5,9.2
2024-05-19,08:22:18,135581,23.8,43.4,13.3
2024-05-19,08:23:20,135582,23.8,43.4,13.3
2024-05-19,08:24:21,135583,23.8,43.4,13.3
2024-05-19,08:25:22,135584,23.8,43.3,13.3
2024-05-19,08:26:23,135585,23.8,43.3,13.3
2024-05-19,08:27:24,135586,23.9,43.2,13.3
2024-05-19,08:28:25,135587,23.9,43.2,13.3
2024-05-19,08:29:29,135588,23.9,43.2,13.3
2024-05-19,08:30:30,135589,23.9,43.2,14.2
2024-05-19,08:31:33,135590,24.0,43.1,14.2
2024-05-19,08:32:34,135591,24.0,43.1,14.2
2024-05-19,08:33:35,135592,24.0,43.1,13.3
2024-05-19,08:34:37,135593,24.0,43.1,12.5
2024-05-19,08:35:38,135594,24.0,43.0,12.5
2024-05-19,08:36:39,135595,24.0,43.0,12.5
2024-05-19,08:37:40,135596,24.0,43.0,13.3
2024-05-19,08:38:41,135597,24.0,43.0,11.7
2024-05-19,08:39:42,135598,24.1,43.0,13.3
2024-05-19,08:40:44,135599,24.1,43.0,14.2
2024-05-19,08:41:45,135600,24.1,43.0,14.2
2024-05-19,08:42:48,135601,24.2,43.0,14.2
2024-05-19,08:43:50,135602,24.2,43.0,11.7
2024-05-19,08:44:51,135603,24.2,43.0,10.0
2024-05-19,08:45:54,135604,24.2,43.0,13.3
2024-05-19,08:46:55,135605,24.2,43.0,10.0
2024-05-19,08:47:57,135606,24.2,43.1,9.2
2024-05-19,08:48:58,135607,24.2,43.1,9.2
2024-05-19,08:50:01,135608,24.2,43.2,9.2
2024-05-19,08:51:02,135609,24.2,43.2,9.2
2024-05-19,08:52:04,135610,24.2,43.2,11.7
2024-05-19,08:53:05,135611,24.2,43.2,10.8
2024-05-19,08:54:06,135612,24.3,43.2,15.8
2024-05-19,08:55:07,135613,24.3,43.2,10.0
2024-05-19,08:56:11,135614,24.4,43.3,10.8
2024-05-19,08:57:12,135615,24.3,43.3,13.3
2024-05-19,08:58:13,135616,24.4,43.4,13.3
2024-05-19,08:59:14,135617,24.4,43.4,15.0
