Date&Time,Date,Time,entry_id,temp,hum,lux
2024-07-12 00:00:16,2024-07-12,00:00:16,209109,23.6,53.2,397.5
2024-07-12 00:01:18,2024-07-12,00:01:18,209110,23.5,52.9,400.8
2024-07-12 00:02:19,2024-07-12,00:02:19,209111,23.5,53.0,400.8
2024-07-12 00:03:20,2024-07-12,00:03:20,209112,23.5,53.4,400.8
2024-07-12 00:04:21,2024-07-12,00:04:21,209113,23.5,54.0,400.0
2024-07-12 00:05:22,2024-07-12,00:05:22,209114,23.5,54.0,400.8
2024-07-12 00:06:26,2024-07-12,00:06:26,209115,23.4,53.3,400.8
2024-07-12 00:07:29,2024-07-12,00:07:29,209116,23.4,52.9,401.7
2024-07-12 00:08:30,2024-07-12,00:08:30,209117,23.4,52.9,400.8
2024-07-12 00:09:31,2024-07-12,00:09:31,209118,23.4,52.8,400.8
2024-07-12 00:10:33,2024-07-12,00:10:33,209119,23.4,52.8,400.0
2024-07-12 00:11:34,2024-07-12,00:11:34,209120,23.4,52.8,400.0
2024-07-12 00:12:35,2024-07-12,00:12:35,209121,23.3,52.9,400.8
2024-07-12 00:13:38,2024-07-12,00:13:38,209122,23.3,53.2,400.0
2024-07-12 00:14:39,2024-07-12,00:14:39,209123,23.3,53.1,400.0
2024-07-12 00:15:41,2024-07-12,00:15:41,209124,23.3,53.2,400.8
2024-07-12 00:16:42,2024-07-12,00:16:42,209125,23.2,53.3,400.0
2024-07-12 00:17:43,2024-07-12,00:17:43,209126,23.3,53.3,400.0
2024-07-12 00:18:44,2024-07-12,00:18:44,209127,23.3,53.3,400.0
2024-07-12 00:19:45,2024-07-12,00:19:45,209128,23.3,53.3,400.8
2024-07-12 00:20:46,2024-07-12,00:20:46,209129,23.2,53.3,400.8
2024-07-12 00:21:49,2024-07-12,00:21:49,209130,23.3,53.3,400.8
2024-07-12 00:22:50,2024-07-12,00:22:50,209131,23.3,53.2,400.0
2024-07-12 00:23:51,2024-07-12,00:23:51,209132,23.3,53.2,400.0
2024-07-12 00:24:52,2024-07-12,00:24:52,209133,23.3,53.2,400.8
2024-07-12 00:25:53,2024-07-12,00:25:53,209134,23.2,53.2,400.0
2024-07-12 00:26:57,2024-07-12,00:26:57,209135,23.2,53.3,400.0
2024-07-12 00:27:58,2024-07-12,00:27:58,209136,23.2,53.3,400.0
2024-07-12 00:28:59,2024-07-12,00:28:59,209137,23.2,53.3,400.0
2024-07-12 00:30:00,2024-07-12,00:30:00,209138,23.2,53.3,400.0
2024-07-12 00:31:01,2024-07-12,00:31:01,209139,23.2,53.5,400.0
2024-07-12 00:32:02,2024-07-12,00:32:02,209140,23.2,53.5,399.2
2024-07-12 00:33:04,2024-07-12,00:33:04,209141,23.2,53.5,399.2
2024-07-12 00:34:05,2024-07-12,00:34:05,209142,23.2,53.5,400.0
2024-07-12 00:35:06,2024-07-12,00:35:06,209143,23.2,53.5,400.8
2024-07-12 00:36:07,2024-07-12,00:36:07,209144,23.2,53.5,399.2
2024-07-12 00:37:08,2024-07-12,00:37:08,209145,23.3,53.5,400.0
2024-07-12 00:38:09,2024-07-12,00:38:09,209146,23.3,53.4,400.0
2024-07-12 00:39:10,2024-07-12,00:39:10,209147,23.3,53.3,400.0
2024-07-12 00:40:12,2024-07-12,00:40:12,209148,23.3,53.2,400.0
2024-07-12 00:41:13,2024-07-12,00:41:13,209149,23.3,53.1,400.0
2024-07-12 00:42:14,2024-07-12,00:42:14,209150,23.3,53.1,400.0
2024-07-12 00:43:17,2024-07-12,00:43:17,209151,23.3,53.2,400.0
2024-07-12 00:44:18,2024-07-12,00:44:18,209152,23.3,53.1,400.0
2024-07-12 00:45:20,2024-07-12,00:45:20,209153,23.3,53.2,400.0
2024-07-12 00:46:21,2024-07-12,00:46:21,209154,23.2,53.2,400.0
2024-07-12 00:47:22,2024-07-12,00:47:22,209155,23.3,53.0,400.0
2024-07-12 00:48:23,2024-07-12,00:48:23,209156,23.3,52.9,400.0
2024-07-12 00:49:24,2024-07-12,00:49:24,209157,23.3,53.0,400.8
2024-07-12 00:50:28,2024-07-12,00:50:28,209158,23.3,53.6,400.0
2024-07-12 00:51:31,2024-07-12,00:51:31,209159,23.3,53.8,400.8
2024-07-12 00:52:32,2024-07-12,00:52:32,209160,23.3,53.8,399.2
2024-07-12 00:53:33,2024-07-12,00:53:33,209161,23.3,53.8,400.0
2024-07-12 00:54:34,2024-07-12,00:54:34,209162,23.2,53.6,400.0
2024-07-12 00:55:35,2024-07-12,00:55:35,209163,23.2,53.4,400.0
2024-07-12 00:56:37,2024-07-12,00:56:37,209164,23.2,53.3,400.0
2024-07-12 00:57:38,2024-07-12,00:57:38,209165,23.2,53.2,399.2
2024-07-12 00:58:39,2024-07-12,00:58:39,209166,23.2,53.2,399.2
2024-07-12 00:59:40,2024-07-12,00:59:40,209167,23.2,53.0,399.2
2024-07-12 01:00:41,2024-07-12,01:00:41,209168,23.2,52.9,399.2
2024-07-12 01:01:42,2024-07-12,01:01:42,209169,23.2,52.9,400.0
2024-07-12 01:02:43,2024-07-12,01:02:43,209170,23.2,52.9,399.2
2024-07-12 01:03:44,2024-07-12,01:03:44,209171,23.2,52.9,400.0
2024-07-12 01:04:45,2024-07-12,01:04:45,209172,23.2,52.9,400.0
2024-07-12 01:05:47,2024-07-12,01:05:47,209173,23.2,52.9,400.0
2024-07-12 01:06:50,2024-07-12,01:06:50,209174,23.2,52.8,400.0
2024-07-12 01:07:51,2024-07-12,01:07:51,209175,23.2,52.8,400.0
2024-07-12 01:08:52,2024-07-12,01:08:52,209176,23.2,52.8,400.0
2024-07-12 01:09:53,2024-07-12,01:09:53,209177,23.2,52.8,400.0
2024-07-12 01:10:55,2024-07-12,01:10:55,209178,23.2,52.8,400.8
2024-07-12 01:11:56,2024-07-12,01:11:56,209179,23.2,52.7,400.0
2024-07-12 01:12:57,2024-07-12,01:12:57,209180,23.2,52.8,399.2
2024-07-12 01:13:58,2024-07-12,01:13:58,209181,23.2,52.8,400.0
2024-07-12 01:14:59,2024-07-12,01:14:59,209182,23.2,52.8,400.8
2024-07-12 01:16:00,2024-07-12,01:16:00,209183,23.2,52.9,399.2
2024-07-12 01:17:01,2024-07-12,01:17:01,209184,23.2,53.0,400.0
2024-07-12 01:18:02,2024-07-12,01:18:02,209185,23.2,53.2,400.0
2024-07-12 01:19:04,2024-07-12,01:19:04,209186,23.2,53.3,400.0
2024-07-12 01:20:05,2024-07-12,01:20:05,209187,23.2,53.4,400.0
2024-07-12 01:21:06,2024-07-12,01:21:06,209188,23.2,53.4,400.0
2024-07-12 01:22:07,2024-07-12,01:22:07,209189,23.2,53.4,400.0
2024-07-12 01:23:11,2024-07-12,01:23:11,209190,23.2,53.6,400.0
2024-07-12 01:24:12,2024-07-12,01:24:12,209191,23.2,53.6,400.0
2024-07-12 01:25:13,2024-07-12,01:25:13,209192,23.2,53.8,400.0
2024-07-12 01:26:14,2024-07-12,01:26:14,209193,23.2,53.9,400.0
2024-07-12 01:27:17,2024-07-12,01:27:17,209194,23.3,53.8,400.0
2024-07-12 01:28:21,2024-07-12,01:28:21,209195,23.3,53.7,400.8
2024-07-12 01:29:22,2024-07-12,01:29:22,209196,23.3,53.7,400.0
2024-07-12 01:30:23,2024-07-12,01:30:23,209197,23.3,53.7,400.0
2024-07-12 01:31:24,2024-07-12,01:31:24,209198,23.3,53.8,400.8
2024-07-12 01:32:25,2024-07-12,01:32:25,209199,23.3,54.2,400.0
2024-07-12 01:33:26,2024-07-12,01:33:26,209200,23.3,54.4,400.0
2024-07-12 01:34:28,2024-07-12,01:34:28,209201,23.3,54.5,399.2
2024-07-12 01:35:29,2024-07-12,01:35:29,209202,23.3,54.2,400.0
2024-07-12 01:36:30,2024-07-12,01:36:30,209203,23.3,53.7,400.0
2024-07-12 01:37:31,2024-07-12,01:37:31,209204,23.3,53.3,400.0
2024-07-12 01:38:32,2024-07-12,01:38:32,209205,23.3,53.3,399.2
2024-07-12 01:39:33,2024-07-12,01:39:33,209206,23.3,53.6,399.2
2024-07-12 01:40:34,2024-07-12,01:40:34,209207,23.2,54.2,399.2
2024-07-12 01:41:36,2024-07-12,01:41:36,209208,23.2,54.8,400.8
2024-07-12 01:42:37,2024-07-12,01:42:37,209209,23.2,55.4,400.8
2024-07-12 01:43:38,2024-07-12,01:43:38,209210,23.2,55.8,400.0
2024-07-12 01:44:39,2024-07-12,01:44:39,209211,23.3,56.1,400.8
2024-07-12 01:45:40,2024-07-12,01:45:40,209212,23.3,56.2,400.8
2024-07-12 01:46:41,2024-07-12,01:46:41,209213,23.3,56.4,400.8
2024-07-12 01:47:42,2024-07-12,01:47:42,209214,23.4,56.6,400.0
2024-07-12 01:48:43,2024-07-12,01:48:43,209215,23.4,56.6,399.2
2024-07-12 01:49:44,2024-07-12,01:49:44,209216,23.4,56.8,399.2
2024-07-12 01:50:46,2024-07-12,01:50:46,209217,23.5,56.9,399.2
2024-07-12 01:51:47,2024-07-12,01:51:47,209218,23.5,56.9,399.2
2024-07-12 01:52:48,2024-07-12,01:52:48,209219,23.5,57.0,399.2
2024-07-12 01:53:51,2024-07-12,01:53:51,209220,23.5,57.0,399.2
2024-07-12 01:54:52,2024-07-12,01:54:52,209221,23.5,57.0,399.2
2024-07-12 01:55:53,2024-07-12,01:55:53,209222,23.6,57.0,400.0
2024-07-12 01:56:55,2024-07-12,01:56:55,209223,23.6,56.8,400.0
2024-07-12 01:57:56,2024-07-12,01:57:56,209224,23.6,56.7,400.0
2024-07-12 01:58:57,2024-07-12,01:58:57,209225,23.6,56.5,400.0
2024-07-12 01:59:58,2024-07-12,01:59:58,209226,23.6,56.3,400.0
2024-07-12 02:00:59,2024-07-12,02:00:59,209227,23.6,56.0,400.0
2024-07-12 02:02:03,2024-07-12,02:02:03,209228,23.6,55.4,400.0
2024-07-12 02:03:04,2024-07-12,02:03:04,209229,23.5,55.4,400.0
2024-07-12 02:04:05,2024-07-12,02:04:05,209230,23.6,55.2,400.0
2024-07-12 02:05:06,2024-07-12,02:05:06,209231,23.5,55.0,400.0
2024-07-12 02:06:07,2024-07-12,02:06:07,209232,23.5,54.8,400.0
2024-07-12 02:07:08,2024-07-12,02:07:08,209233,23.5,54.7,400.0
2024-07-12 02:08:12,2024-07-12,02:08:12,209234,23.5,54.5,400.0
2024-07-12 02:09:13,2024-07-12,02:09:13,209235,23.5,54.4,400.0
2024-07-12 02:10:14,2024-07-12,02:10:14,209236,23.5,54.3,400.0
2024-07-12 02:11:15,2024-07-12,02:11:15,209237,23.4,54.3,400.0
2024-07-12 02:12:16,2024-07-12,02:12:16,209238,23.4,54.2,400.0
2024-07-12 02:13:17,2024-07-12,02:13:17,209239,23.4,54.0,400.0
2024-07-12 02:14:18,2024-07-12,02:14:18,209240,23.4,54.0,400.0
2024-07-12 02:15:20,2024-07-12,02:15:20,209241,23.4,54.0,400.0
2024-07-12 02:16:21,2024-07-12,02:16:21,209242,23.4,53.9,400.0
2024-07-12 02:17:22,2024-07-12,02:17:22,209243,23.4,53.9,400.0
2024-07-12 02:18:23,2024-07-12,02:18:23,209244,23.4,53.8,399.2
2024-07-12 02:19:24,2024-07-12,02:19:24,209245,23.4,53.8,399.2
2024-07-12 02:20:25,2024-07-12,02:20:25,209246,23.4,53.6,400.0
2024-07-12 02:21:26,2024-07-12,02:21:26,209247,23.4,53.7,399.2
2024-07-12 02:22:28,2024-07-12,02:22:28,209248,23.3,53.7,400.0
2024-07-12 02:23:29,2024-07-12,02:23:29,209249,23.3,53.8,400.0
2024-07-12 02:24:30,2024-07-12,02:24:30,209250,23.3,53.8,400.0
2024-07-12 02:25:33,2024-07-12,02:25:33,209251,23.3,53.8,400.8
2024-07-12 02:26:34,2024-07-12,02:26:34,209252,23.3,53.8,400.0
2024-07-12 02:27:36,2024-07-12,02:27:36,209253,23.3,53.6,400.0
2024-07-12 02:28:37,2024-07-12,02:28:37,209254,23.3,53.4,400.0
2024-07-12 02:29:38,2024-07-12,02:29:38,209255,23.3,53.3,400.0
2024-07-12 02:30:39,2024-07-12,02:30:39,209256,23.3,53.3,400.0
2024-07-12 02:31:42,2024-07-12,02:31:42,209257,23.2,53.4,400.0
2024-07-12 02:32:44,2024-07-12,02:32:44,209258,23.2,53.4,400.0
2024-07-12 02:33:45,2024-07-12,02:33:45,209259,23.2,53.5,400.0
2024-07-12 02:34:46,2024-07-12,02:34:46,209260,23.2,53.6,400.0
2024-07-12 02:35:49,2024-07-12,02:35:49,209261,23.2,53.8,400.0
2024-07-12 02:36:50,2024-07-12,02:36:50,209262,23.2,53.8,400.8
2024-07-12 02:37:52,2024-07-12,02:37:52,209263,23.1,53.9,398.3
2024-07-12 02:38:53,2024-07-12,02:38:53,209264,23.2,54.0,400.0
2024-07-12 02:39:54,2024-07-12,02:39:54,209265,23.2,54.3,400.0
2024-07-12 02:40:55,2024-07-12,02:40:55,209266,23.1,54.6,400.8
2024-07-12 02:41:56,2024-07-12,02:41:56,209267,23.1,54.8,400.8
2024-07-12 02:42:57,2024-07-12,02:42:57,209268,23.1,54.9,400.8
2024-07-12 02:44:01,2024-07-12,02:44:01,209269,23.2,54.9,400.0
2024-07-12 02:45:02,2024-07-12,02:45:02,209270,23.2,54.9,400.8
2024-07-12 02:46:03,2024-07-12,02:46:03,209271,23.2,54.8,400.8
2024-07-12 02:47:04,2024-07-12,02:47:04,209272,23.2,54.8,400.0
2024-07-12 02:48:05,2024-07-12,02:48:05,209273,23.2,54.8,400.8
2024-07-12 02:49:06,2024-07-12,02:49:06,209274,23.2,54.9,400.0
2024-07-12 02:50:07,2024-07-12,02:50:07,209275,23.2,55.0,400.8
2024-07-12 02:51:09,2024-07-12,02:51:09,209276,23.2,55.0,400.8
2024-07-12 02:52:10,2024-07-12,02:52:10,209277,23.2,54.9,394.2
2024-07-12 02:53:11,2024-07-12,02:53:11,209278,23.2,54.9,395.0
2024-07-12 02:54:12,2024-07-12,02:54:12,209279,23.2,54.8,395.0
2024-07-12 02:55:13,2024-07-12,02:55:13,209280,23.2,54.7,399.2
2024-07-12 02:56:14,2024-07-12,02:56:14,209281,23.2,54.6,399.2
2024-07-12 02:57:15,2024-07-12,02:57:15,209282,23.2,54.6,400.0
2024-07-12 02:58:17,2024-07-12,02:58:17,209283,23.3,54.6,400.0
2024-07-12 02:59:18,2024-07-12,02:59:18,209284,23.3,54.6,400.0
2024-07-12 03:00:19,2024-07-12,03:00:19,209285,23.3,54.8,399.2
2024-07-12 03:01:20,2024-07-12,03:01:20,209286,23.3,55.2,400.0
2024-07-12 03:02:21,2024-07-12,03:02:21,209287,23.3,55.5,400.8
2024-07-12 03:03:22,2024-07-12,03:03:22,209288,23.3,55.9,400.0
2024-07-12 03:04:26,2024-07-12,03:04:26,209289,23.3,56.3,400.0
2024-07-12 03:05:27,2024-07-12,03:05:27,209290,23.4,56.3,400.0
2024-07-12 03:06:28,2024-07-12,03:06:28,209291,23.4,56.3,400.8
2024-07-12 03:07:29,2024-07-12,03:07:29,209292,23.4,56.2,400.0
2024-07-12 03:08:30,2024-07-12,03:08:30,209293,23.4,55.7,400.0
2024-07-12 03:09:31,2024-07-12,03:09:31,209294,23.4,55.4,400.0
2024-07-12 03:10:32,2024-07-12,03:10:32,209295,23.4,55.2,400.0
2024-07-12 03:11:36,2024-07-12,03:11:36,209296,23.4,54.8,400.8
2024-07-12 03:12:37,2024-07-12,03:12:37,209297,23.4,54.7,400.8
2024-07-12 03:13:38,2024-07-12,03:13:38,209298,23.3,54.6,400.0
2024-07-12 03:14:39,2024-07-12,03:14:39,209299,23.3,54.4,400.8
2024-07-12 03:15:40,2024-07-12,03:15:40,209300,23.3,54.4,400.0
2024-07-12 03:16:44,2024-07-12,03:16:44,209301,23.3,54.4,400.0
2024-07-12 03:17:45,2024-07-12,03:17:45,209302,23.3,54.4,400.8
2024-07-12 03:18:46,2024-07-12,03:18:46,209303,23.3,54.4,400.8
2024-07-12 03:19:47,2024-07-12,03:19:47,209304,23.3,54.3,400.8
2024-07-12 03:20:48,2024-07-12,03:20:48,209305,23.3,54.2,400.8
2024-07-12 03:21:52,2024-07-12,03:21:52,209306,23.3,54.0,400.8
2024-07-12 03:22:53,2024-07-12,03:22:53,209307,23.3,54.0,400.8
2024-07-12 03:23:54,2024-07-12,03:23:54,209308,23.3,53.8,400.0
2024-07-12 03:24:55,2024-07-12,03:24:55,209309,23.3,53.7,400.0
2024-07-12 03:25:57,2024-07-12,03:25:57,209310,23.3,53.7,400.8
2024-07-12 03:26:58,2024-07-12,03:26:58,209311,23.3,53.7,400.8
2024-07-12 03:27:59,2024-07-12,03:27:59,209312,23.3,53.6,400.0
2024-07-12 03:29:00,2024-07-12,03:29:00,209313,23.2,53.5,400.0
2024-07-12 03:30:01,2024-07-12,03:30:01,209314,23.2,53.5,399.2
2024-07-12 03:31:02,2024-07-12,03:31:02,209315,23.2,53.6,400.0
2024-07-12 03:32:03,2024-07-12,03:32:03,209316,23.2,53.6,400.0
2024-07-12 03:33:05,2024-07-12,03:33:05,209317,23.2,53.6,400.0
2024-07-12 03:34:06,2024-07-12,03:34:06,209318,23.2,53.6,400.0
2024-07-12 03:35:07,2024-07-12,03:35:07,209319,23.2,53.6,400.0
2024-07-12 03:36:08,2024-07-12,03:36:08,209320,23.2,53.5,400.0
2024-07-12 03:37:09,2024-07-12,03:37:09,209321,23.2,53.4,400.0
2024-07-12 03:38:10,2024-07-12,03:38:10,209322,23.2,53.4,400.0
2024-07-12 03:39:11,2024-07-12,03:39:11,209323,23.2,53.5,400.8
2024-07-12 03:40:12,2024-07-12,03:40:12,209324,23.2,53.6,400.0
2024-07-12 03:41:14,2024-07-12,03:41:14,209325,23.2,53.6,400.0
2024-07-12 03:42:15,2024-07-12,03:42:15,209326,23.2,53.7,400.0
2024-07-12 03:43:16,2024-07-12,03:43:16,209327,23.2,53.9,400.0
2024-07-12 03:44:19,2024-07-12,03:44:19,209328,23.2,54.4,400.0
2024-07-12 03:45:20,2024-07-12,03:45:20,209329,23.2,54.4,400.0
2024-07-12 03:46:21,2024-07-12,03:46:21,209330,23.2,54.8,400.0
2024-07-12 03:47:23,2024-07-12,03:47:23,209331,23.2,55.2,400.0
2024-07-12 03:48:26,2024-07-12,03:48:26,209332,23.2,55.9,400.0
2024-07-12 03:49:29,2024-07-12,03:49:29,209333,23.3,56.2,400.0
2024-07-12 03:50:31,2024-07-12,03:50:31,209334,23.3,56.2,400.8
2024-07-12 03:51:32,2024-07-12,03:51:32,209335,23.3,56.4,400.0
2024-07-12 03:52:35,2024-07-12,03:52:35,209336,23.4,56.6,400.8
2024-07-12 03:53:36,2024-07-12,03:53:36,209337,23.4,56.6,400.0
2024-07-12 03:54:37,2024-07-12,03:54:37,209338,23.4,56.2,400.0
2024-07-12 03:55:39,2024-07-12,03:55:39,209339,23.4,55.6,400.0
2024-07-12 03:56:40,2024-07-12,03:56:40,209340,23.4,55.0,400.0
2024-07-12 03:57:43,2024-07-12,03:57:43,209341,23.4,54.4,400.0
2024-07-12 03:58:49,2024-07-12,03:58:49,209342,23.4,54.1,400.0
2024-07-12 03:59:52,2024-07-12,03:59:52,209343,23.3,54.0,400.0
2024-07-12 04:00:54,2024-07-12,04:00:54,209344,23.3,54.0,400.0
2024-07-12 04:01:57,2024-07-12,04:01:57,209345,23.3,53.8,400.0
2024-07-12 04:02:58,2024-07-12,04:02:58,209346,23.3,53.8,400.0
2024-07-12 04:03:59,2024-07-12,04:03:59,209347,23.3,53.3,399.2
2024-07-12 04:05:01,2024-07-12,04:05:01,209348,23.3,53.0,400.0
2024-07-12 04:06:02,2024-07-12,04:06:02,209349,23.2,52.8,400.0
2024-07-12 04:07:03,2024-07-12,04:07:03,209350,23.2,53.1,400.0
2024-07-12 04:08:04,2024-07-12,04:08:04,209351,23.2,53.6,399.2
2024-07-12 04:09:05,2024-07-12,04:09:05,209352,23.2,54.0,400.0
2024-07-12 04:10:06,2024-07-12,04:10:06,209353,23.2,54.5,400.8
2024-07-12 04:11:07,2024-07-12,04:11:07,209354,23.2,55.3,400.8
2024-07-12 04:12:08,2024-07-12,04:12:08,209355,23.2,55.5,3.3
2024-07-12 04:13:10,2024-07-12,04:13:10,209356,23.2,55.7,3.3
2024-07-12 04:14:11,2024-07-12,04:14:11,209357,23.2,56.1,2.5
2024-07-12 04:15:12,2024-07-12,04:15:12,209358,23.2,56.2,3.3
2024-07-12 04:16:13,2024-07-12,04:16:13,209359,23.2,56.4,3.3
2024-07-12 04:17:14,2024-07-12,04:17:14,209360,23.2,56.5,2.5
2024-07-12 04:18:15,2024-07-12,04:18:15,209361,23.2,56.6,3.3
2024-07-12 04:19:16,2024-07-12,04:19:16,209362,23.3,56.7,3.3
2024-07-12 04:20:17,2024-07-12,04:20:17,209363,23.2,56.8,3.3
2024-07-12 04:21:21,2024-07-12,04:21:21,209364,23.3,57.0,3.3
2024-07-12 04:22:22,2024-07-12,04:22:22,209365,23.3,57.0,3.3
2024-07-12 04:23:23,2024-07-12,04:23:23,209366,23.3,57.1,3.3
2024-07-12 04:24:24,2024-07-12,04:24:24,209367,23.3,57.1,2.5
2024-07-12 04:25:25,2024-07-12,04:25:25,209368,23.3,57.1,3.3
2024-07-12 04:26:27,2024-07-12,04:26:27,209369,23.3,57.1,2.5
2024-07-12 04:27:28,2024-07-12,04:27:28,209370,23.3,57.0,2.5
2024-07-12 04:28:29,2024-07-12,04:28:29,209371,23.4,56.9,2.5
2024-07-12 04:29:30,2024-07-12,04:29:30,209372,23.4,56.9,3.3
2024-07-12 04:30:33,2024-07-12,04:30:33,209373,23.4,56.7,2.5
2024-07-12 04:31:34,2024-07-12,04:31:34,209374,23.4,56.7,3.3
2024-07-12 04:32:36,2024-07-12,04:32:36,209375,23.4,56.7,3.3
2024-07-12 04:33:37,2024-07-12,04:33:37,209376,23.4,56.6,2.5
2024-07-12 04:34:38,2024-07-12,04:34:38,209377,23.4,56.5,2.5
2024-07-12 04:35:39,2024-07-12,04:35:39,209378,23.4,56.4,3.3
2024-07-12 04:36:40,2024-07-12,04:36:40,209379,23.4,56.3,3.3
2024-07-12 04:37:41,2024-07-12,04:37:41,209380,23.4,56.2,2.5
2024-07-12 04:38:45,2024-07-12,04:38:45,209381,23.3,55.9,3.3
2024-07-12 04:39:46,2024-07-12,04:39:46,209382,23.3,55.9,2.5
2024-07-12 04:40:47,2024-07-12,04:40:47,209383,23.3,55.8,2.5
2024-07-12 04:41:48,2024-07-12,04:41:48,209384,23.3,55.7,2.5
2024-07-12 04:42:49,2024-07-12,04:42:49,209385,23.3,55.5,3.3
2024-07-12 04:43:50,2024-07-12,04:43:50,209386,23.3,55.4,3.3
2024-07-12 04:44:51,2024-07-12,04:44:51,209387,23.3,55.3,2.5
2024-07-12 04:45:52,2024-07-12,04:45:52,209388,23.3,55.3,2.5
2024-07-12 04:46:54,2024-07-12,04:46:54,209389,23.2,55.3,2.5
2024-07-12 04:47:55,2024-07-12,04:47:55,209390,23.2,55.3,2.5
2024-07-12 04:48:56,2024-07-12,04:48:56,209391,23.2,55.6,2.5
2024-07-12 04:49:59,2024-07-12,04:49:59,209392,23.2,56.1,2.5
2024-07-12 04:51:00,2024-07-12,04:51:00,209393,23.2,56.1,2.5
2024-07-12 04:52:01,2024-07-12,04:52:01,209394,23.2,56.1,3.3
2024-07-12 04:53:03,2024-07-12,04:53:03,209395,23.2,56.1,2.5
2024-07-12 04:54:04,2024-07-12,04:54:04,209396,23.2,55.9,2.5
2024-07-12 04:55:07,2024-07-12,04:55:07,209397,23.2,55.5,3.3
2024-07-12 04:56:08,2024-07-12,04:56:08,209398,23.2,55.4,3.3
2024-07-12 04:57:09,2024-07-12,04:57:09,209399,23.2,55.2,3.3
2024-07-12 04:58:11,2024-07-12,04:58:11,209400,23.2,55.1,2.5
2024-07-12 04:59:12,2024-07-12,04:59:12,209401,23.2,55.1,3.3
2024-07-12 05:00:13,2024-07-12,05:00:13,209402,23.1,55.1,3.3
2024-07-12 05:01:14,2024-07-12,05:01:14,209403,23.2,55.2,3.3
2024-07-12 05:02:15,2024-07-12,05:02:15,209404,23.1,55.3,3.3
2024-07-12 05:03:16,2024-07-12,05:03:16,209405,23.1,55.6,3.3
2024-07-12 05:04:17,2024-07-12,05:04:17,209406,23.1,56.0,3.3
2024-07-12 05:05:18,2024-07-12,05:05:18,209407,23.1,56.2,3.3
2024-07-12 05:06:22,2024-07-12,05:06:22,209408,23.1,56.4,3.3
2024-07-12 05:07:23,2024-07-12,05:07:23,209409,23.1,56.4,3.3
2024-07-12 05:08:24,2024-07-12,05:08:24,209410,23.1,56.5,3.3
2024-07-12 05:09:25,2024-07-12,05:09:25,209411,23.1,56.5,3.3
2024-07-12 05:10:26,2024-07-12,05:10:26,209412,23.1,56.5,3.3
2024-07-12 05:11:30,2024-07-12,05:11:30,209413,23.1,56.5,3.3
2024-07-12 05:12:31,2024-07-12,05:12:31,209414,23.1,56.5,3.3
2024-07-12 05:13:32,2024-07-12,05:13:32,209415,23.1,56.5,3.3
2024-07-12 05:14:33,2024-07-12,05:14:33,209416,23.1,56.5,3.3
2024-07-12 05:15:34,2024-07-12,05:15:34,209417,23.1,56.5,3.3
2024-07-12 05:16:36,2024-07-12,05:16:36,209418,23.1,56.5,4.2
2024-07-12 05:17:37,2024-07-12,05:17:37,209419,23.1,56.6,4.2
2024-07-12 05:18:38,2024-07-12,05:18:38,209420,23.1,56.7,4.2
2024-07-12 05:19:39,2024-07-12,05:19:39,209421,23.2,56.9,4.2
2024-07-12 05:20:40,2024-07-12,05:20:40,209422,23.1,56.9,5.0
2024-07-12 05:21:41,2024-07-12,05:21:41,209423,23.2,56.9,5.0
2024-07-12 05:22:45,2024-07-12,05:22:45,209424,23.2,56.7,5.0
2024-07-12 05:23:48,2024-07-12,05:23:48,209425,23.2,56.7,5.8
2024-07-12 05:24:49,2024-07-12,05:24:49,209426,23.2,56.6,5.8
2024-07-12 05:25:50,2024-07-12,05:25:50,209427,23.2,56.6,6.7
2024-07-12 05:26:52,2024-07-12,05:26:52,209428,23.2,56.6,6.7
2024-07-12 05:27:53,2024-07-12,05:27:53,209429,23.2,56.7,6.7
2024-07-12 05:28:54,2024-07-12,05:28:54,209430,23.2,57.0,7.5
2024-07-12 05:29:55,2024-07-12,05:29:55,209431,23.2,57.2,7.5
2024-07-12 05:30:56,2024-07-12,05:30:56,209432,23.2,57.6,8.3
2024-07-12 05:31:57,2024-07-12,05:31:57,209433,23.2,57.8,9.2
2024-07-12 05:32:59,2024-07-12,05:32:59,209434,23.2,57.8,10.0
2024-07-12 05:34:02,2024-07-12,05:34:02,209435,23.2,57.4,10.8
2024-07-12 05:35:03,2024-07-12,05:35:03,209436,23.2,57.3,11.7
2024-07-12 05:36:04,2024-07-12,05:36:04,209437,23.2,56.9,11.7
2024-07-12 05:37:05,2024-07-12,05:37:05,209438,23.2,56.4,12.5
2024-07-12 05:38:09,2024-07-12,05:38:09,209439,23.2,56.0,13.3
2024-07-12 05:39:10,2024-07-12,05:39:10,209440,23.2,56.0,14.2
2024-07-12 05:40:11,2024-07-12,05:40:11,209441,23.1,55.9,15.0
2024-07-12 05:41:12,2024-07-12,05:41:12,209442,23.1,55.9,15.0
2024-07-12 05:42:13,2024-07-12,05:42:13,209443,23.1,55.9,15.8
2024-07-12 05:43:15,2024-07-12,05:43:15,209444,23.1,56.0,15.8
2024-07-12 05:44:16,2024-07-12,05:44:16,209445,23.1,56.1,15.8
2024-07-12 05:45:17,2024-07-12,05:45:17,209446,23.1,56.2,15.8
2024-07-12 05:46:18,2024-07-12,05:46:18,209447,23.1,56.4,15.8
2024-07-12 05:47:19,2024-07-12,05:47:19,209448,23.1,56.6,16.7
2024-07-12 05:48:23,2024-07-12,05:48:23,209449,23.1,56.7,16.7
2024-07-12 05:49:24,2024-07-12,05:49:24,209450,23.1,56.7,17.5
2024-07-12 05:50:25,2024-07-12,05:50:25,209451,23.0,56.8,17.5
2024-07-12 05:51:26,2024-07-12,05:51:26,209452,23.1,56.8,18.3
2024-07-12 05:52:27,2024-07-12,05:52:27,209453,23.1,56.7,19.2
2024-07-12 05:53:28,2024-07-12,05:53:28,209454,23.1,56.8,20.8
2024-07-12 05:54:29,2024-07-12,05:54:29,209455,23.1,56.8,22.5
2024-07-12 05:55:31,2024-07-12,05:55:31,209456,23.1,56.8,24.2
2024-07-12 05:56:32,2024-07-12,05:56:32,209457,23.1,56.8,25.8
2024-07-12 05:57:33,2024-07-12,05:57:33,209458,23.1,56.9,28.3
2024-07-12 05:58:34,2024-07-12,05:58:34,209459,23.1,56.9,30.0
2024-07-12 05:59:35,2024-07-12,05:59:35,209460,23.1,56.9,32.5
2024-07-12 06:00:36,2024-07-12,06:00:36,209461,23.1,56.9,34.2
2024-07-12 06:01:40,2024-07-12,06:01:40,209462,23.1,56.8,35.8
2024-07-12 06:02:41,2024-07-12,06:02:41,209463,23.1,56.7,37.5
2024-07-12 06:03:42,2024-07-12,06:03:42,209464,23.1,56.7,39.2
2024-07-12 06:04:43,2024-07-12,06:04:43,209465,23.1,56.7,40.8
2024-07-12 06:05:44,2024-07-12,06:05:44,209466,23.1,56.8,43.3
2024-07-12 06:06:45,2024-07-12,06:06:45,209467,23.1,56.8,45.8
2024-07-12 06:07:46,2024-07-12,06:07:46,209468,23.1,56.9,47.5
2024-07-12 06:08:47,2024-07-12,06:08:47,209469,23.1,56.8,48.3
2024-07-12 06:09:49,2024-07-12,06:09:49,209470,23.1,56.9,48.3
2024-07-12 06:10:50,2024-07-12,06:10:50,209471,23.1,57.1,48.3
2024-07-12 06:11:51,2024-07-12,06:11:51,209472,23.1,57.5,49.2
2024-07-12 06:12:54,2024-07-12,06:12:54,209473,23.1,58.3,50.0
2024-07-12 06:13:55,2024-07-12,06:13:55,209474,23.1,58.3,52.5
2024-07-12 06:14:56,2024-07-12,06:14:56,209475,23.1,58.3,54.2
2024-07-12 06:15:58,2024-07-12,06:15:58,209476,23.1,58.7,56.7
2024-07-12 06:16:59,2024-07-12,06:16:59,209477,23.2,59.0,58.3
2024-07-12 06:18:00,2024-07-12,06:18:00,209478,23.2,59.4,60.8
2024-07-12 06:19:01,2024-07-12,06:19:01,209479,23.2,59.6,61.7
2024-07-12 06:20:04,2024-07-12,06:20:04,209480,23.3,59.5,63.3
2024-07-12 06:21:06,2024-07-12,06:21:06,209481,23.3,59.5,65.0
2024-07-12 06:22:07,2024-07-12,06:22:07,209482,23.3,58.8,65.0
2024-07-12 06:23:08,2024-07-12,06:23:08,209483,23.3,58.0,64.2
2024-07-12 06:24:09,2024-07-12,06:24:09,209484,23.3,57.3,63.3
2024-07-12 06:25:10,2024-07-12,06:25:10,209485,23.3,57.0,64.2
2024-07-12 06:26:11,2024-07-12,06:26:11,209486,23.2,56.6,65.0
2024-07-12 06:27:15,2024-07-12,06:27:15,209487,23.2,56.3,67.5
2024-07-12 06:28:19,2024-07-12,06:28:19,209488,23.2,56.0,70.8
2024-07-12 06:29:20,2024-07-12,06:29:20,209489,23.2,56.0,75.8
2024-07-12 06:30:21,2024-07-12,06:30:21,209490,23.2,56.0,80.8
2024-07-12 06:31:22,2024-07-12,06:31:22,209491,23.1,55.9,85.8
2024-07-12 06:32:26,2024-07-12,06:32:26,209492,23.1,55.2,90.8
2024-07-12 06:33:27,2024-07-12,06:33:27,209493,23.1,55.2,96.7
2024-07-12 06:34:28,2024-07-12,06:34:28,209494,23.1,55.2,101.7
2024-07-12 06:35:29,2024-07-12,06:35:29,209495,23.0,55.7,105.0
2024-07-12 06:36:35,2024-07-12,06:36:35,209496,23.0,56.9,108.3
2024-07-12 06:37:36,2024-07-12,06:37:36,209497,23.0,56.9,110.0
2024-07-12 06:38:37,2024-07-12,06:38:37,209498,23.0,57.7,110.8
2024-07-12 06:39:38,2024-07-12,06:39:38,209499,23.0,58.2,114.2
2024-07-12 06:40:39,2024-07-12,06:40:39,209500,23.0,58.6,119.2
2024-07-12 06:41:43,2024-07-12,06:41:43,209501,23.0,58.8,124.2
2024-07-12 06:42:44,2024-07-12,06:42:44,209502,23.0,58.8,126.7
2024-07-12 06:43:45,2024-07-12,06:43:45,209503,23.0,58.9,125.8
2024-07-12 06:44:46,2024-07-12,06:44:46,209504,23.1,58.9,124.2
2024-07-12 06:45:47,2024-07-12,06:45:47,209505,23.1,58.9,123.3
2024-07-12 06:46:51,2024-07-12,06:46:51,209506,23.1,58.9,124.2
2024-07-12 06:47:54,2024-07-12,06:47:54,209507,23.2,58.8,126.7
2024-07-12 06:48:55,2024-07-12,06:48:55,209508,23.2,58.8,129.2
2024-07-12 06:49:57,2024-07-12,06:49:57,209509,23.2,58.7,134.2
2024-07-12 06:50:58,2024-07-12,06:50:58,209510,23.2,58.6,140.8
2024-07-12 06:51:59,2024-07-12,06:51:59,209511,23.2,58.5,148.3
2024-07-12 06:53:00,2024-07-12,06:53:00,209512,23.2,58.4,156.7
2024-07-12 06:54:01,2024-07-12,06:54:01,209513,23.2,58.2,164.2
2024-07-12 06:55:05,2024-07-12,06:55:05,209514,23.2,57.7,168.3
2024-07-12 06:56:06,2024-07-12,06:56:06,209515,23.2,57.7,171.7
2024-07-12 06:57:07,2024-07-12,06:57:07,209516,23.2,57.6,173.3
2024-07-12 06:58:08,2024-07-12,06:58:08,209517,23.2,57.4,167.5
2024-07-12 06:59:09,2024-07-12,06:59:09,209518,23.2,57.3,155.8
2024-07-12 07:00:10,2024-07-12,07:00:10,209519,23.1,57.1,145.0
2024-07-12 07:01:11,2024-07-12,07:01:11,209520,23.1,57.0,140.0
2024-07-12 07:02:13,2024-07-12,07:02:13,209521,23.1,57.0,140.8
2024-07-12 07:03:14,2024-07-12,07:03:14,209522,23.1,56.9,145.8
2024-07-12 07:04:15,2024-07-12,07:04:15,209523,23.1,56.8,154.2
2024-07-12 07:05:16,2024-07-12,07:05:16,209524,23.1,56.7,167.5
2024-07-12 07:06:17,2024-07-12,07:06:17,209525,23.1,56.6,183.3
2024-07-12 07:07:18,2024-07-12,07:07:18,209526,23.1,56.6,198.3
2024-07-12 07:08:19,2024-07-12,07:08:19,209527,23.1,56.7,215.8
2024-07-12 07:09:20,2024-07-12,07:09:20,209528,23.1,56.7,235.0
2024-07-12 07:10:22,2024-07-12,07:10:22,209529,23.1,56.8,254.2
2024-07-12 07:11:23,2024-07-12,07:11:23,209530,23.0,56.8,276.7
2024-07-12 07:12:24,2024-07-12,07:12:24,209531,23.0,56.8,297.5
2024-07-12 07:13:25,2024-07-12,07:13:25,209532,23.1,56.8,317.5
2024-07-12 07:14:28,2024-07-12,07:14:28,209533,23.1,56.7,330.0
2024-07-12 07:15:29,2024-07-12,07:15:29,209534,23.1,56.7,338.3
2024-07-12 07:16:31,2024-07-12,07:16:31,209535,23.0,56.9,345.8
2024-07-12 07:17:32,2024-07-12,07:17:32,209536,23.0,56.9,355.0
2024-07-12 07:18:33,2024-07-12,07:18:33,209537,23.0,56.9,361.7
2024-07-12 07:19:34,2024-07-12,07:19:34,209538,23.1,56.8,364.2
2024-07-12 07:20:35,2024-07-12,07:20:35,209539,23.1,56.7,369.2
2024-07-12 07:21:36,2024-07-12,07:21:36,209540,23.1,56.6,377.5
2024-07-12 07:22:37,2024-07-12,07:22:37,209541,23.1,56.3,385.8
2024-07-12 07:23:38,2024-07-12,07:23:38,209542,23.1,55.9,388.3
2024-07-12 07:24:39,2024-07-12,07:24:39,209543,23.1,55.8,386.7
2024-07-12 07:25:41,2024-07-12,07:25:41,209544,23.1,55.6,377.5
2024-07-12 07:26:42,2024-07-12,07:26:42,209545,23.1,55.6,366.7
2024-07-12 07:27:43,2024-07-12,07:27:43,209546,23.1,55.7,360.8
2024-07-12 07:28:46,2024-07-12,07:28:46,209547,23.1,56.0,361.7
2024-07-12 07:29:48,2024-07-12,07:29:48,209548,23.1,56.0,370.8
2024-07-12 07:30:51,2024-07-12,07:30:51,209549,23.0,56.4,385.8
2024-07-12 07:31:52,2024-07-12,07:31:52,209550,23.0,56.3,394.2
2024-07-12 07:32:53,2024-07-12,07:32:53,209551,23.0,56.4,391.7
2024-07-12 07:33:54,2024-07-12,07:33:54,209552,23.1,56.5,381.7
2024-07-12 07:34:56,2024-07-12,07:34:56,209553,23.1,56.5,380.0
2024-07-12 07:35:57,2024-07-12,07:35:57,209554,23.0,56.6,370.8
2024-07-12 07:36:58,2024-07-12,07:36:58,209555,23.1,56.7,365.8
2024-07-12 07:37:59,2024-07-12,07:37:59,209556,23.0,56.8,360.8
2024-07-12 07:39:02,2024-07-12,07:39:02,209557,23.1,57.1,360.0
2024-07-12 07:40:04,2024-07-12,07:40:04,209558,23.1,57.1,365.8
2024-07-12 07:41:05,2024-07-12,07:41:05,209559,23.1,57.1,375.0
2024-07-12 07:42:06,2024-07-12,07:42:06,209560,23.1,57.1,385.0
2024-07-12 07:43:07,2024-07-12,07:43:07,209561,23.1,57.1,391.7
2024-07-12 07:44:08,2024-07-12,07:44:08,209562,23.1,57.1,395.0
2024-07-12 07:45:09,2024-07-12,07:45:09,209563,23.1,57.1,400.8
2024-07-12 07:46:10,2024-07-12,07:46:10,209564,23.1,57.1,408.3
2024-07-12 07:47:11,2024-07-12,07:47:11,209565,23.1,57.1,414.2
2024-07-12 07:48:13,2024-07-12,07:48:13,209566,23.1,56.9,418.3
2024-07-12 07:49:16,2024-07-12,07:49:16,209567,23.1,56.7,423.3
2024-07-12 07:50:17,2024-07-12,07:50:17,209568,23.2,56.7,430.0
2024-07-12 07:51:18,2024-07-12,07:51:18,209569,23.2,56.7,438.3
2024-07-12 07:52:19,2024-07-12,07:52:19,209570,23.2,56.6,442.5
2024-07-12 07:53:23,2024-07-12,07:53:23,209571,23.2,56.6,448.3
2024-07-12 07:54:24,2024-07-12,07:54:24,209572,23.2,56.6,454.2
2024-07-12 07:55:27,2024-07-12,07:55:27,209573,23.2,56.8,456.7
2024-07-12 07:56:29,2024-07-12,07:56:29,209574,23.2,56.8,462.5
2024-07-12 07:57:30,2024-07-12,07:57:30,209575,23.2,57.2,469.2
2024-07-12 07:58:31,2024-07-12,07:58:31,209576,23.2,57.3,474.2
2024-07-12 07:59:32,2024-07-12,07:59:32,209577,23.2,57.5,475.8
2024-07-12 08:00:33,2024-07-12,08:00:33,209578,23.2,57.5,477.5
2024-07-12 08:01:34,2024-07-12,08:01:34,209579,23.2,57.3,470.8
2024-07-12 08:02:35,2024-07-12,08:02:35,209580,23.3,56.9,468.3
2024-07-12 08:03:37,2024-07-12,08:03:37,209581,23.2,56.4,457.5
2024-07-12 08:04:38,2024-07-12,08:04:38,209582,23.2,55.9,450.8
2024-07-12 08:05:39,2024-07-12,08:05:39,209583,23.2,55.7,435.0
2024-07-12 08:06:40,2024-07-12,08:06:40,209584,23.2,55.5,415.8
2024-07-12 08:07:41,2024-07-12,08:07:41,209585,23.2,55.4,395.0
2024-07-12 08:08:42,2024-07-12,08:08:42,209586,23.2,55.4,384.2
2024-07-12 08:09:43,2024-07-12,08:09:43,209587,23.2,55.5,381.7
2024-07-12 08:10:44,2024-07-12,08:10:44,209588,23.1,55.5,385.8
2024-07-12 08:11:46,2024-07-12,08:11:46,209589,23.1,55.6,390.0
2024-07-12 08:12:47,2024-07-12,08:12:47,209590,23.1,55.7,395.8
2024-07-12 08:13:48,2024-07-12,08:13:48,209591,23.1,55.8,399.2
2024-07-12 08:14:49,2024-07-12,08:14:49,209592,23.1,55.9,395.8
2024-07-12 08:15:50,2024-07-12,08:15:50,209593,23.1,56.0,388.3
2024-07-12 08:16:51,2024-07-12,08:16:51,209594,23.1,56.1,373.3
2024-07-12 08:17:52,2024-07-12,08:17:52,209595,23.1,56.4,356.7
2024-07-12 08:18:54,2024-07-12,08:18:54,209596,23.0,56.8,345.0
2024-07-12 08:19:55,2024-07-12,08:19:55,209597,23.0,57.3,342.5
2024-07-12 08:20:56,2024-07-12,08:20:56,209598,23.0,57.6,344.2
2024-07-12 08:21:57,2024-07-12,08:21:57,209599,23.0,58.0,350.8
2024-07-12 08:22:58,2024-07-12,08:22:58,209600,23.0,58.2,360.0
2024-07-12 08:23:59,2024-07-12,08:23:59,209601,23.1,58.1,372.5
2024-07-12 08:25:00,2024-07-12,08:25:00,209602,23.1,58.0,383.3
2024-07-12 08:26:04,2024-07-12,08:26:04,209603,23.1,57.8,391.7
2024-07-12 08:27:07,2024-07-12,08:27:07,209604,23.1,57.6,399.2
2024-07-12 08:28:11,2024-07-12,08:28:11,209605,23.1,57.4,402.5
2024-07-12 08:29:12,2024-07-12,08:29:12,209606,23.2,57.4,400.8
2024-07-12 08:30:13,2024-07-12,08:30:13,209607,23.2,57.3,400.0
2024-07-12 08:31:14,2024-07-12,08:31:14,209608,23.2,57.1,400.0
2024-07-12 08:32:18,2024-07-12,08:32:18,209609,23.2,57.0,397.5
2024-07-12 08:33:19,2024-07-12,08:33:19,209610,23.2,56.9,391.7
2024-07-12 08:34:20,2024-07-12,08:34:20,209611,23.2,57.0,383.3
2024-07-12 08:35:21,2024-07-12,08:35:21,209612,23.2,57.0,371.7
2024-07-12 08:36:22,2024-07-12,08:36:22,209613,23.2,57.0,362.5
2024-07-12 08:37:23,2024-07-12,08:37:23,209614,23.2,57.0,356.7
2024-07-12 08:38:24,2024-07-12,08:38:24,209615,23.2,57.3,357.5
2024-07-12 08:39:26,2024-07-12,08:39:26,209616,23.2,57.6,364.2
2024-07-12 08:40:27,2024-07-12,08:40:27,209617,23.2,57.8,379.2
2024-07-12 08:41:30,2024-07-12,08:41:30,209618,23.2,57.4,390.8
2024-07-12 08:42:31,2024-07-12,08:42:31,209619,23.2,57.3,395.8
2024-07-12 08:43:33,2024-07-12,08:43:33,209620,23.2,56.9,395.8
2024-07-12 08:44:36,2024-07-12,08:44:36,209621,23.2,56.2,397.5
2024-07-12 08:45:37,2024-07-12,08:45:37,209622,23.2,56.2,402.5
2024-07-12 08:46:38,2024-07-12,08:46:38,209623,23.2,56.0,413.3
2024-07-12 08:47:40,2024-07-12,08:47:40,209624,23.2,56.0,431.7
2024-07-12 08:48:41,2024-07-12,08:48:41,209625,23.2,56.0,863.3
2024-07-12 08:49:42,2024-07-12,08:49:42,209626,23.2,56.2,894.2
2024-07-12 08:50:43,2024-07-12,08:50:43,209627,23.2,56.3,926.7
2024-07-12 08:51:44,2024-07-12,08:51:44,209628,23.2,56.8,953.3
2024-07-12 08:52:52,2024-07-12,08:52:52,209629,23.2,57.7,965.8
2024-07-12 08:53:53,2024-07-12,08:53:53,209630,23.2,57.7,960.8
2024-07-12 08:54:55,2024-07-12,08:54:55,209631,23.2,58.3,946.7
2024-07-12 08:55:58,2024-07-12,08:55:58,209632,23.2,58.7,935.0
2024-07-12 08:56:59,2024-07-12,08:56:59,209633,23.3,58.7,932.5
2024-07-12 08:58:00,2024-07-12,08:58:00,209634,23.3,58.5,946.7
2024-07-12 08:59:01,2024-07-12,08:59:01,209635,23.3,58.3,962.5
2024-07-12 09:00:03,2024-07-12,09:00:03,209636,23.3,58.3,981.7
2024-07-12 09:01:04,2024-07-12,09:01:04,209637,23.3,58.5,983.3
2024-07-12 09:02:05,2024-07-12,09:02:05,209638,23.3,58.7,997.5
2024-07-12 09:03:10,2024-07-12,09:03:10,209639,23.4,59.0,998.3
2024-07-12 09:04:14,2024-07-12,09:04:14,209640,23.4,59.0,1020.0
2024-07-12 09:05:15,2024-07-12,09:05:15,209641,23.4,59.2,1030.8
2024-07-12 09:06:16,2024-07-12,09:06:16,209642,23.4,59.3,1063.3
2024-07-12 09:07:17,2024-07-12,09:07:17,209643,23.4,59.4,1089.2
2024-07-12 09:08:21,2024-07-12,09:08:21,209644,23.5,59.4,1110.8
2024-07-12 09:09:22,2024-07-12,09:09:22,209645,23.5,59.3,1129.2
2024-07-12 09:10:23,2024-07-12,09:10:23,209646,23.5,59.3,1145.0
2024-07-12 09:11:24,2024-07-12,09:11:24,209647,23.5,59.2,1159.2
2024-07-12 09:12:25,2024-07-12,09:12:25,209648,23.5,59.1,1187.5
2024-07-12 09:13:26,2024-07-12,09:13:26,209649,23.5,59.0,1203.3
2024-07-12 09:14:27,2024-07-12,09:14:27,209650,23.6,58.7,1190.8
2024-07-12 09:15:29,2024-07-12,09:15:29,209651,23.6,58.6,1155.8
2024-07-12 09:16:30,2024-07-12,09:16:30,209652,23.6,58.4,1120.0
2024-07-12 09:17:31,2024-07-12,09:17:31,209653,23.6,58.2,1081.7
2024-07-12 09:18:32,2024-07-12,09:18:32,209654,23.6,58.0,1057.5
2024-07-12 09:19:33,2024-07-12,09:19:33,209655,23.6,57.7,1046.7
2024-07-12 09:20:34,2024-07-12,09:20:34,209656,23.6,57.6,1050.0
2024-07-12 09:21:35,2024-07-12,09:21:35,209657,23.5,57.4,1061.7
2024-07-12 09:22:37,2024-07-12,09:22:37,209658,23.6,57.3,1065.0
2024-07-12 09:23:38,2024-07-12,09:23:38,209659,23.6,57.2,1082.5
2024-07-12 09:24:39,2024-07-12,09:24:39,209660,23.6,57.2,1095.0
2024-07-12 09:25:40,2024-07-12,09:25:40,209661,23.5,57.2,1096.7
2024-07-12 09:26:41,2024-07-12,09:26:41,209662,23.5,57.5,1105.8
2024-07-12 09:27:42,2024-07-12,09:27:42,209663,23.6,57.7,1118.3
2024-07-12 09:28:43,2024-07-12,09:28:43,209664,23.6,58.0,1105.8
2024-07-12 09:29:45,2024-07-12,09:29:45,209665,23.6,58.2,1094.2
2024-07-12 09:30:46,2024-07-12,09:30:46,209666,23.6,58.2,1088.3
2024-07-12 09:31:47,2024-07-12,09:31:47,209667,23.6,58.3,1083.3
2024-07-12 09:32:48,2024-07-12,09:32:48,209668,23.6,58.3,1079.2
2024-07-12 09:33:52,2024-07-12,09:33:52,209669,23.6,58.3,1076.7
2024-07-12 09:34:55,2024-07-12,09:34:55,209670,23.6,58.2,1077.5
2024-07-12 09:35:59,2024-07-12,09:35:59,209671,23.6,58.1,1070.0
2024-07-12 09:37:00,2024-07-12,09:37:00,209672,23.6,58.0,1071.7
2024-07-12 09:38:01,2024-07-12,09:38:01,209673,23.6,58.0,1063.3
2024-07-12 09:39:04,2024-07-12,09:39:04,209674,23.6,57.4,1055.8
2024-07-12 09:40:08,2024-07-12,09:40:08,209675,23.6,57.0,1058.3
2024-07-12 09:41:09,2024-07-12,09:41:09,209676,23.6,57.0,1062.5
2024-07-12 09:42:10,2024-07-12,09:42:10,209677,23.6,56.8,1068.3
2024-07-12 09:43:11,2024-07-12,09:43:11,209678,23.6,56.5,1080.8
2024-07-12 09:44:12,2024-07-12,09:44:12,209679,23.6,56.3,1096.7
2024-07-12 09:45:14,2024-07-12,09:45:14,209680,23.6,56.3,1109.2
2024-07-12 09:46:15,2024-07-12,09:46:15,209681,23.6,56.2,1121.7
2024-07-12 09:47:16,2024-07-12,09:47:16,209682,23.6,55.8,1128.3
2024-07-12 09:48:17,2024-07-12,09:48:17,209683,23.6,55.6,1126.7
2024-07-12 09:49:20,2024-07-12,09:49:20,209684,23.6,55.6,1127.5
2024-07-12 09:50:22,2024-07-12,09:50:22,209685,23.6,55.6,1135.0
2024-07-12 09:51:23,2024-07-12,09:51:23,209686,23.6,55.7,1142.5
2024-07-12 09:52:24,2024-07-12,09:52:24,209687,23.6,55.8,1160.8
2024-07-12 09:53:25,2024-07-12,09:53:25,209688,23.6,56.0,1188.3
2024-07-12 09:54:26,2024-07-12,09:54:26,209689,23.6,56.1,1204.2
2024-07-12 09:55:27,2024-07-12,09:55:27,209690,23.6,56.1,1216.7
2024-07-12 09:56:28,2024-07-12,09:56:28,209691,23.6,56.1,1221.7
2024-07-12 09:57:29,2024-07-12,09:57:29,209692,23.6,56.2,1233.3
2024-07-12 09:58:31,2024-07-12,09:58:31,209693,23.6,56.3,1245.0
2024-07-12 09:59:32,2024-07-12,09:59:32,209694,23.6,56.3,1267.5
2024-07-12 10:00:33,2024-07-12,10:00:33,209695,23.6,56.5,1292.5
2024-07-12 10:01:34,2024-07-12,10:01:34,209696,23.6,56.6,1345.8
2024-07-12 10:02:35,2024-07-12,10:02:35,209697,23.6,56.7,1384.2
2024-07-12 10:03:36,2024-07-12,10:03:36,209698,23.6,56.7,1437.5
2024-07-12 10:04:37,2024-07-12,10:04:37,209699,23.6,56.6,1494.2
2024-07-12 10:05:38,2024-07-12,10:05:38,209700,23.7,56.6,1540.8
2024-07-12 10:06:40,2024-07-12,10:06:40,209701,23.7,56.5,1575.8
2024-07-12 10:07:41,2024-07-12,10:07:41,209702,23.7,56.4,1585.8
2024-07-12 10:08:44,2024-07-12,10:08:44,209703,23.7,56.1,1605.8
2024-07-12 10:09:45,2024-07-12,10:09:45,209704,23.7,56.1,1635.8
2024-07-12 10:10:46,2024-07-12,10:10:46,209705,23.7,55.8,1674.2
2024-07-12 10:11:48,2024-07-12,10:11:48,209706,23.7,55.6,1674.2
2024-07-12 10:12:51,2024-07-12,10:12:51,209707,23.7,55.7,1664.2
2024-07-12 10:13:52,2024-07-12,10:13:52,209708,23.8,55.7,1640.0
2024-07-12 10:14:56,2024-07-12,10:14:56,209709,23.8,56.9,1610.0
2024-07-12 10:15:57,2024-07-12,10:15:57,209710,23.8,56.9,1620.8
2024-07-12 10:16:58,2024-07-12,10:16:58,209711,23.8,57.3,1639.2
2024-07-12 10:17:59,2024-07-12,10:17:59,209712,23.9,57.6,1662.5
2024-07-12 10:19:00,2024-07-12,10:19:00,209713,23.9,57.7,1711.7
2024-07-12 10:20:04,2024-07-12,10:20:04,209714,24.0,57.5,1734.2
2024-07-12 10:21:05,2024-07-12,10:21:05,209715,24.0,57.5,1713.3
2024-07-12 10:22:06,2024-07-12,10:22:06,209716,24.0,57.5,1688.3
2024-07-12 10:23:07,2024-07-12,10:23:07,209717,24.0,57.5,1675.0
2024-07-12 10:24:08,2024-07-12,10:24:08,209718,24.0,57.5,1680.0
2024-07-12 10:25:09,2024-07-12,10:25:09,209719,24.0,57.6,1720.0
2024-07-12 10:26:13,2024-07-12,10:26:13,209720,24.0,57.4,1770.8
2024-07-12 10:27:14,2024-07-12,10:27:14,209721,24.0,57.3,1795.8
2024-07-12 10:28:15,2024-07-12,10:28:15,209722,24.0,57.3,1809.2
2024-07-12 10:29:19,2024-07-12,10:29:19,209723,24.1,57.2,1835.0
2024-07-12 10:30:20,2024-07-12,10:30:20,209724,24.1,57.2,1881.7
2024-07-12 10:31:23,2024-07-12,10:31:23,209725,24.2,56.8,1924.2
2024-07-12 10:32:25,2024-07-12,10:32:25,209726,24.2,56.8,1982.5
2024-07-12 10:33:26,2024-07-12,10:33:26,209727,24.2,56.8,1975.0
2024-07-12 10:34:27,2024-07-12,10:34:27,209728,24.2,56.8,2023.3
2024-07-12 10:35:30,2024-07-12,10:35:30,209729,24.2,56.9,2086.7
2024-07-12 10:36:31,2024-07-12,10:36:31,209730,24.2,56.9,2136.7
2024-07-12 10:37:33,2024-07-12,10:37:33,209731,24.2,57.0,2146.7
2024-07-12 10:38:34,2024-07-12,10:38:34,209732,24.3,57.3,2159.2
2024-07-12 10:39:37,2024-07-12,10:39:37,209733,24.4,57.7,2096.7
2024-07-12 10:40:38,2024-07-12,10:40:38,209734,24.4,57.6,2073.3
2024-07-12 10:41:40,2024-07-12,10:41:40,209735,24.4,57.8,2123.3
2024-07-12 10:42:41,2024-07-12,10:42:41,209736,24.4,58.0,2051.7
2024-07-12 10:43:44,2024-07-12,10:43:44,209737,24.4,58.3,1895.8
2024-07-12 10:44:45,2024-07-12,10:44:45,209738,24.5,58.3,1772.5
2024-07-12 10:45:46,2024-07-12,10:45:46,209739,24.5,58.4,1707.5
2024-07-12 10:46:50,2024-07-12,10:46:50,209740,24.5,58.4,1651.7
2024-07-12 10:47:51,2024-07-12,10:47:51,209741,24.5,58.4,1620.8
2024-07-12 10:48:55,2024-07-12,10:48:55,209742,24.5,58.3,1775.8
2024-07-12 10:49:56,2024-07-12,10:49:56,209743,24.5,58.3,1890.8
2024-07-12 10:50:59,2024-07-12,10:50:59,209744,24.6,57.7,2142.5
2024-07-12 10:52:03,2024-07-12,10:52:03,209745,24.6,57.5,2750.8
2024-07-12 10:53:04,2024-07-12,10:53:04,209746,24.5,57.5,3258.3
2024-07-12 10:54:05,2024-07-12,10:54:05,209747,24.6,57.2,3114.2
2024-07-12 10:55:06,2024-07-12,10:55:06,209748,24.6,56.9,3120.0
2024-07-12 10:56:07,2024-07-12,10:56:07,209749,24.6,56.5,3177.5
2024-07-12 10:57:08,2024-07-12,10:57:08,209750,24.6,56.3,2207.5
2024-07-12 10:58:12,2024-07-12,10:58:12,209751,24.6,56.0,2595.0
2024-07-12 10:59:13,2024-07-12,10:59:13,209752,24.6,56.0,2570.8
2024-07-12 11:00:14,2024-07-12,11:00:14,209753,24.6,55.8,1737.5
2024-07-12 11:01:15,2024-07-12,11:01:15,209754,24.6,55.5,1575.0
2024-07-12 11:02:16,2024-07-12,11:02:16,209755,24.6,55.2,1553.3
2024-07-12 11:03:18,2024-07-12,11:03:18,209756,24.6,55.0,1585.0
2024-07-12 11:04:19,2024-07-12,11:04:19,209757,24.6,54.7,1645.8
2024-07-12 11:05:22,2024-07-12,11:05:22,209758,24.5,54.2,1833.3
2024-07-12 11:06:26,2024-07-12,11:06:26,209759,24.5,54.0,2225.0
2024-07-12 11:07:27,2024-07-12,11:07:27,209760,24.5,54.0,3334.2
2024-07-12 11:08:28,2024-07-12,11:08:28,209761,24.5,54.0,3366.7
2024-07-12 11:09:29,2024-07-12,11:09:29,209762,24.5,53.9,3427.5
2024-07-12 11:10:33,2024-07-12,11:10:33,209763,24.6,53.5,3365.0
2024-07-12 11:11:36,2024-07-12,11:11:36,209764,24.6,53.3,3323.3
2024-07-12 11:12:40,2024-07-12,11:12:40,209765,24.6,53.2,3340.8
2024-07-12 11:13:41,2024-07-12,11:13:41,209766,24.6,53.1,3307.5
2024-07-12 11:14:42,2024-07-12,11:14:42,209767,24.6,53.0,3315.0
2024-07-12 11:15:43,2024-07-12,11:15:43,209768,24.6,52.9,3364.2
2024-07-12 11:16:44,2024-07-12,11:16:44,209769,24.6,52.9,3375.8
2024-07-12 11:17:45,2024-07-12,11:17:45,209770,24.6,52.7,3305.8
2024-07-12 11:18:46,2024-07-12,11:18:46,209771,24.7,52.6,2365.0
2024-07-12 11:19:50,2024-07-12,11:19:50,209772,24.7,52.3,1885.0
2024-07-12 11:20:51,2024-07-12,11:20:51,209773,24.6,52.3,1722.5
2024-07-12 11:21:52,2024-07-12,11:21:52,209774,24.6,52.3,1644.2
2024-07-12 11:22:53,2024-07-12,11:22:53,209775,24.6,52.2,1543.3
2024-07-12 11:23:54,2024-07-12,11:23:54,209776,24.6,52.2,1545.0
2024-07-12 11:24:56,2024-07-12,11:24:56,209777,24.5,52.1,1632.5
2024-07-12 11:25:57,2024-07-12,11:25:57,209778,24.5,52.1,1687.5
2024-07-12 11:26:58,2024-07-12,11:26:58,209779,24.5,51.9,1763.3
2024-07-12 11:27:59,2024-07-12,11:27:59,209780,24.5,51.7,2575.8
2024-07-12 11:29:03,2024-07-12,11:29:03,209781,24.5,51.7,3230.0
2024-07-12 11:30:04,2024-07-12,11:30:04,209782,24.5,51.6,3296.7
2024-07-12 11:31:05,2024-07-12,11:31:05,209783,24.5,51.6,3172.5
2024-07-12 11:32:06,2024-07-12,11:32:06,209784,24.5,51.5,1885.8
2024-07-12 11:33:09,2024-07-12,11:33:09,209785,24.6,51.4,2505.0
2024-07-12 11:34:10,2024-07-12,11:34:10,209786,24.6,51.4,2739.2
2024-07-12 11:35:11,2024-07-12,11:35:11,209787,24.6,51.3,2652.5
2024-07-12 11:36:13,2024-07-12,11:36:13,209788,24.6,51.3,1813.3
2024-07-12 11:37:16,2024-07-12,11:37:16,209789,24.6,51.3,1710.0
2024-07-12 11:38:17,2024-07-12,11:38:17,209790,24.6,51.3,1698.3
2024-07-12 11:39:18,2024-07-12,11:39:18,209791,24.6,51.3,1597.5
2024-07-12 11:40:19,2024-07-12,11:40:19,209792,24.6,51.2,1558.3
2024-07-12 11:41:23,2024-07-12,11:41:23,209793,24.5,51.1,1565.0
2024-07-12 11:42:24,2024-07-12,11:42:24,209794,24.5,51.1,1635.0
2024-07-12 11:43:25,2024-07-12,11:43:25,209795,24.5,51.0,1730.0
2024-07-12 11:44:26,2024-07-12,11:44:26,209796,24.5,51.1,1797.5
2024-07-12 11:45:27,2024-07-12,11:45:27,209797,24.5,51.3,2040.8
2024-07-12 11:46:29,2024-07-12,11:46:29,209798,24.5,51.2,1550.0
2024-07-12 11:47:32,2024-07-12,11:47:32,209799,24.5,51.2,1680.0
2024-07-12 11:48:33,2024-07-12,11:48:33,209800,24.5,51.2,2805.0
2024-07-12 11:49:34,2024-07-12,11:49:34,209801,24.5,51.1,2486.7
2024-07-12 11:50:36,2024-07-12,11:50:36,209802,24.5,51.0,2499.2
2024-07-12 11:51:37,2024-07-12,11:51:37,209803,24.5,51.0,1873.3
2024-07-12 11:52:38,2024-07-12,11:52:38,209804,24.4,50.9,2305.0
2024-07-12 11:53:39,2024-07-12,11:53:39,209805,24.5,50.8,2857.5
2024-07-12 11:54:40,2024-07-12,11:54:40,209806,24.4,50.8,2070.8
2024-07-12 11:55:41,2024-07-12,11:55:41,209807,24.4,50.7,2845.8
2024-07-12 11:56:42,2024-07-12,11:56:42,209808,24.4,50.7,2732.5
2024-07-12 11:57:43,2024-07-12,11:57:43,209809,24.4,50.6,1885.0
2024-07-12 11:58:45,2024-07-12,11:58:45,209810,24.4,50.5,2965.0
2024-07-12 11:59:46,2024-07-12,11:59:46,209811,24.4,50.5,2972.5
2024-07-12 12:00:47,2024-07-12,12:00:47,209812,24.4,50.4,2973.3
2024-07-12 12:01:48,2024-07-12,12:01:48,209813,24.4,50.5,3012.5
2024-07-12 12:02:49,2024-07-12,12:02:49,209814,24.4,50.6,3114.2
2024-07-12 12:03:50,2024-07-12,12:03:50,209815,24.4,50.7,3208.3
2024-07-12 12:04:52,2024-07-12,12:04:52,209816,24.4,51.1,3321.7
2024-07-12 12:05:53,2024-07-12,12:05:53,209817,24.5,51.2,3451.7
2024-07-12 12:06:54,2024-07-12,12:06:54,209818,24.5,51.4,3487.5
2024-07-12 12:07:55,2024-07-12,12:07:55,209819,24.6,51.5,3559.2
2024-07-12 12:08:56,2024-07-12,12:08:56,209820,24.6,51.7,3533.3
2024-07-12 12:09:57,2024-07-12,12:09:57,209821,24.7,51.9,3560.0
2024-07-12 12:10:58,2024-07-12,12:10:58,209822,24.8,51.9,2475.8
2024-07-12 12:12:00,2024-07-12,12:12:00,209823,24.8,52.0,1705.0
2024-07-12 12:13:01,2024-07-12,12:13:01,209824,24.9,52.0,3215.0
2024-07-12 12:14:02,2024-07-12,12:14:02,209825,25.0,52.0,2771.7
2024-07-12 12:15:03,2024-07-12,12:15:03,209826,25.0,52.0,1957.5
2024-07-12 12:16:04,2024-07-12,12:16:04,209827,25.0,52.1,2539.2
2024-07-12 12:17:05,2024-07-12,12:17:05,209828,25.0,52.1,3410.0
2024-07-12 12:18:09,2024-07-12,12:18:09,209829,25.2,52.1,2206.7
2024-07-12 12:19:10,2024-07-12,12:19:10,209830,25.2,52.1,2042.5
2024-07-12 12:20:13,2024-07-12,12:20:13,209831,25.3,52.2,2051.7
2024-07-12 12:21:15,2024-07-12,12:21:15,209832,25.3,52.1,2416.7
2024-07-12 12:22:18,2024-07-12,12:22:18,209833,25.4,52.2,1902.5
2024-07-12 12:23:19,2024-07-12,12:23:19,209834,25.4,52.2,2884.2
2024-07-12 12:24:20,2024-07-12,12:24:20,209835,25.4,52.2,2800.8
2024-07-12 12:25:24,2024-07-12,12:25:24,209836,25.5,52.2,2842.5
2024-07-12 12:26:27,2024-07-12,12:26:27,209837,25.6,52.3,2731.7
2024-07-12 12:27:28,2024-07-12,12:27:28,209838,25.5,52.3,2439.2
2024-07-12 12:28:32,2024-07-12,12:28:32,209839,25.6,52.5,2462.5
2024-07-12 12:29:33,2024-07-12,12:29:33,209840,25.6,52.5,2753.3
2024-07-12 12:30:34,2024-07-12,12:30:34,209841,25.6,52.5,2529.2
2024-07-12 12:31:35,2024-07-12,12:31:35,209842,25.6,52.6,2723.3
2024-07-12 12:32:37,2024-07-12,12:32:37,209843,25.7,52.7,1730.8
2024-07-12 12:33:38,2024-07-12,12:33:38,209844,25.7,52.7,2286.7
2024-07-12 12:34:39,2024-07-12,12:34:39,209845,25.8,52.8,2673.3
2024-07-12 12:35:40,2024-07-12,12:35:40,209846,25.8,52.8,2801.7
2024-07-12 12:36:41,2024-07-12,12:36:41,209847,25.8,52.9,2770.0
2024-07-12 12:37:42,2024-07-12,12:37:42,209848,25.8,52.9,2667.5
2024-07-12 12:38:43,2024-07-12,12:38:43,209849,25.9,52.9,2724.2
2024-07-12 12:39:44,2024-07-12,12:39:44,209850,25.9,52.9,2783.3
2024-07-12 12:40:45,2024-07-12,12:40:45,209851,25.9,53.0,2801.7
2024-07-12 12:41:46,2024-07-12,12:41:46,209852,26.0,53.0,2780.0
2024-07-12 12:42:48,2024-07-12,12:42:48,209853,26.0,53.1,2780.0
2024-07-12 12:43:49,2024-07-12,12:43:49,209854,26.0,53.1,1814.2
2024-07-12 12:44:50,2024-07-12,12:44:50,209855,26.0,53.1,1647.5
2024-07-12 12:45:51,2024-07-12,12:45:51,209856,26.0,53.2,2605.0
2024-07-12 12:46:52,2024-07-12,12:46:52,209857,26.0,53.2,1705.8
2024-07-12 12:47:53,2024-07-12,12:47:53,209858,26.0,53.3,1500.0
2024-07-12 12:48:54,2024-07-12,12:48:54,209859,26.0,53.4,1477.5
2024-07-12 12:49:56,2024-07-12,12:49:56,209860,26.0,53.5,1483.3
2024-07-12 12:50:57,2024-07-12,12:50:57,209861,26.0,53.6,1545.8
2024-07-12 12:51:58,2024-07-12,12:51:58,209862,26.0,53.7,1640.8
2024-07-12 12:52:59,2024-07-12,12:52:59,209863,26.1,53.7,1748.3
2024-07-12 12:54:00,2024-07-12,12:54:00,209864,26.1,53.7,1647.5
2024-07-12 12:55:01,2024-07-12,12:55:01,209865,26.1,53.8,1779.2
2024-07-12 12:56:02,2024-07-12,12:56:02,209866,26.1,53.9,2015.8
2024-07-12 12:57:04,2024-07-12,12:57:04,209867,26.1,53.9,2062.5
2024-07-12 12:58:05,2024-07-12,12:58:05,209868,26.1,53.9,1674.2
2024-07-12 12:59:06,2024-07-12,12:59:06,209869,26.1,54.0,1564.2
2024-07-12 13:00:07,2024-07-12,13:00:07,209870,26.1,54.0,1553.3
2024-07-12 13:01:08,2024-07-12,13:01:08,209871,26.1,54.0,1583.3
2024-07-12 13:02:09,2024-07-12,13:02:09,209872,26.1,54.1,1592.5
2024-07-12 13:03:10,2024-07-12,13:03:10,209873,26.1,54.1,2671.7
2024-07-12 13:04:12,2024-07-12,13:04:12,209874,26.2,54.2,2794.2
2024-07-12 13:05:13,2024-07-12,13:05:13,209875,26.2,54.2,2990.8
2024-07-12 13:06:14,2024-07-12,13:06:14,209876,26.2,54.3,3050.0
2024-07-12 13:07:15,2024-07-12,13:07:15,209877,26.2,54.3,3079.2
2024-07-12 13:08:16,2024-07-12,13:08:16,209878,26.3,54.4,3059.2
2024-07-12 13:09:17,2024-07-12,13:09:17,209879,26.3,54.4,3046.7
2024-07-12 13:10:18,2024-07-12,13:10:18,209880,26.4,54.4,3051.7
2024-07-12 13:11:19,2024-07-12,13:11:19,209881,26.4,54.5,3014.2
2024-07-12 13:12:21,2024-07-12,13:12:21,209882,26.4,54.5,2970.0
2024-07-12 13:13:22,2024-07-12,13:13:22,209883,26.4,54.6,2711.7
2024-07-12 13:14:23,2024-07-12,13:14:23,209884,26.4,54.6,2852.5
2024-07-12 13:15:24,2024-07-12,13:15:24,209885,26.4,54.7,2821.7
2024-07-12 13:16:25,2024-07-12,13:16:25,209886,26.4,54.7,2761.7
2024-07-12 13:17:26,2024-07-12,13:17:26,209887,26.5,54.8,1913.3
2024-07-12 13:18:27,2024-07-12,13:18:27,209888,26.5,54.8,2138.3
2024-07-12 13:19:31,2024-07-12,13:19:31,209889,26.5,55.0,1750.8
2024-07-12 13:20:34,2024-07-12,13:20:34,209890,26.5,55.1,1619.2
2024-07-12 13:21:36,2024-07-12,13:21:36,209891,26.5,55.1,1616.7
2024-07-12 13:22:39,2024-07-12,13:22:39,209892,26.5,55.2,1600.8
2024-07-12 13:23:40,2024-07-12,13:23:40,209893,26.5,55.2,1580.8
2024-07-12 13:24:41,2024-07-12,13:24:41,209894,26.5,55.3,1665.8
2024-07-12 13:25:43,2024-07-12,13:25:43,209895,26.5,55.4,1790.0
2024-07-12 13:26:44,2024-07-12,13:26:44,209896,26.5,55.4,2449.2
2024-07-12 13:27:45,2024-07-12,13:27:45,209897,26.5,55.4,2402.5
2024-07-12 13:28:46,2024-07-12,13:28:46,209898,26.5,55.5,2705.8
2024-07-12 13:29:47,2024-07-12,13:29:47,209899,26.5,55.5,2716.7
2024-07-12 13:30:48,2024-07-12,13:30:48,209900,26.6,55.5,2593.3
2024-07-12 13:31:49,2024-07-12,13:31:49,209901,26.6,55.5,1818.3
2024-07-12 13:32:50,2024-07-12,13:32:50,209902,26.6,55.6,2402.5
2024-07-12 13:33:51,2024-07-12,13:33:51,209903,26.6,55.6,1731.7
2024-07-12 13:34:53,2024-07-12,13:34:53,209904,26.6,55.7,2210.0
2024-07-12 13:35:54,2024-07-12,13:35:54,209905,26.6,55.7,2283.3
2024-07-12 13:36:55,2024-07-12,13:36:55,209906,26.6,55.3,2456.7
2024-07-12 13:37:56,2024-07-12,13:37:56,209907,26.6,54.4,2189.2
2024-07-12 13:38:57,2024-07-12,13:38:57,209908,26.6,53.4,2085.0
2024-07-12 13:39:58,2024-07-12,13:39:58,209909,26.5,52.7,1810.0
2024-07-12 13:40:59,2024-07-12,13:40:59,209910,26.4,52.4,1702.5
2024-07-12 13:42:00,2024-07-12,13:42:00,209911,26.4,52.1,1379.2
2024-07-12 13:43:02,2024-07-12,13:43:02,209912,26.2,52.0,1397.5
2024-07-12 13:44:05,2024-07-12,13:44:05,209913,26.1,51.8,1454.2
2024-07-12 13:45:06,2024-07-12,13:45:06,209914,26.1,51.8,1440.8
2024-07-12 13:46:07,2024-07-12,13:46:07,209915,26.0,51.8,1569.2
2024-07-12 13:47:08,2024-07-12,13:47:08,209916,26.0,51.8,2110.0
2024-07-12 13:48:10,2024-07-12,13:48:10,209917,26.0,51.8,1981.7
2024-07-12 13:49:11,2024-07-12,13:49:11,209918,25.8,51.6,1552.5
2024-07-12 13:50:12,2024-07-12,13:50:12,209919,25.8,51.6,1471.7
2024-07-12 13:51:13,2024-07-12,13:51:13,209920,25.8,51.6,1626.7
2024-07-12 13:52:16,2024-07-12,13:52:16,209921,25.6,51.5,1421.7
2024-07-12 13:53:18,2024-07-12,13:53:18,209922,25.6,51.4,1389.2
2024-07-12 13:54:21,2024-07-12,13:54:21,209923,25.6,51.3,1501.7
2024-07-12 13:55:22,2024-07-12,13:55:22,209924,25.6,51.3,2052.5
2024-07-12 13:56:23,2024-07-12,13:56:23,209925,25.5,51.2,1704.2
2024-07-12 13:57:24,2024-07-12,13:57:24,209926,25.5,51.2,1955.8
2024-07-12 13:58:26,2024-07-12,13:58:26,209927,25.4,51.1,2249.2
2024-07-12 13:59:27,2024-07-12,13:59:27,209928,25.4,51.0,2230.0
2024-07-12 14:00:29,2024-07-12,14:00:29,209929,25.4,50.8,2247.5
2024-07-12 14:01:30,2024-07-12,14:01:30,209930,25.4,50.7,2267.5
2024-07-12 14:02:31,2024-07-12,14:02:31,209931,25.3,50.6,2235.0
2024-07-12 14:03:32,2024-07-12,14:03:32,209932,25.3,50.5,2261.7
2024-07-12 14:04:33,2024-07-12,14:04:33,209933,25.3,50.5,2186.7
2024-07-12 14:05:34,2024-07-12,14:05:34,209934,25.3,50.5,1952.5
2024-07-12 14:06:38,2024-07-12,14:06:38,209935,25.2,50.4,1862.5
2024-07-12 14:07:39,2024-07-12,14:07:39,209936,25.2,50.4,1630.0
2024-07-12 14:08:40,2024-07-12,14:08:40,209937,25.2,50.3,1617.5
2024-07-12 14:09:41,2024-07-12,14:09:41,209938,25.0,50.3,1846.7
2024-07-12 14:10:42,2024-07-12,14:10:42,209939,25.0,50.3,2042.5
2024-07-12 14:11:43,2024-07-12,14:11:43,209940,25.0,50.2,2161.7
2024-07-12 14:12:44,2024-07-12,14:12:44,209941,25.0,50.1,2215.8
2024-07-12 14:13:46,2024-07-12,14:13:46,209942,25.0,50.0,2226.7
2024-07-12 14:14:47,2024-07-12,14:14:47,209943,25.0,49.9,2156.7
2024-07-12 14:15:50,2024-07-12,14:15:50,209944,25.0,49.7,2183.3
2024-07-12 14:16:51,2024-07-12,14:16:51,209945,25.0,49.7,1559.2
2024-07-12 14:17:52,2024-07-12,14:17:52,209946,25.0,49.7,2190.0
2024-07-12 14:18:54,2024-07-12,14:18:54,209947,25.0,49.7,1468.3
2024-07-12 14:19:55,2024-07-12,14:19:55,209948,25.0,49.6,1325.0
2024-07-12 14:20:58,2024-07-12,14:20:58,209949,24.9,49.4,1390.8
2024-07-12 14:21:59,2024-07-12,14:21:59,209950,24.9,49.4,1782.5
2024-07-12 14:23:00,2024-07-12,14:23:00,209951,24.9,49.4,2151.7
2024-07-12 14:24:02,2024-07-12,14:24:02,209952,24.8,49.4,2115.8
2024-07-12 14:25:03,2024-07-12,14:25:03,209953,24.8,49.5,1910.0
2024-07-12 14:26:04,2024-07-12,14:26:04,209954,24.8,49.5,2075.8
2024-07-12 14:27:05,2024-07-12,14:27:05,209955,24.8,49.6,1996.7
2024-07-12 14:28:06,2024-07-12,14:28:06,209956,24.8,49.6,1984.2
2024-07-12 14:29:07,2024-07-12,14:29:07,209957,24.8,49.6,2005.0
2024-07-12 14:30:09,2024-07-12,14:30:09,209958,24.8,49.5,1992.5
2024-07-12 14:31:10,2024-07-12,14:31:10,209959,24.8,49.5,1955.8
2024-07-12 14:32:11,2024-07-12,14:32:11,209960,24.7,49.4,1702.5
2024-07-12 14:33:12,2024-07-12,14:33:12,209961,24.7,49.4,1944.2
2024-07-12 14:34:13,2024-07-12,14:34:13,209962,24.7,49.5,1932.5
2024-07-12 14:35:14,2024-07-12,14:35:14,209963,24.7,49.5,1953.3
2024-07-12 14:36:18,2024-07-12,14:36:18,209964,24.7,49.6,1850.8
2024-07-12 14:37:19,2024-07-12,14:37:19,209965,24.7,49.6,1756.7
2024-07-12 14:38:20,2024-07-12,14:38:20,209966,24.7,49.7,1956.7
2024-07-12 14:39:21,2024-07-12,14:39:21,209967,24.7,49.8,1975.8
2024-07-12 14:40:22,2024-07-12,14:40:22,209968,24.7,49.8,1925.0
2024-07-12 14:41:23,2024-07-12,14:41:23,209969,24.7,49.8,1945.0
2024-07-12 14:42:25,2024-07-12,14:42:25,209970,24.7,49.7,2003.3
2024-07-12 14:43:26,2024-07-12,14:43:26,209971,24.7,49.7,2023.3
2024-07-12 14:44:27,2024-07-12,14:44:27,209972,24.7,49.7,2015.8
2024-07-12 14:45:28,2024-07-12,14:45:28,209973,24.7,49.7,1979.2
2024-07-12 14:46:29,2024-07-12,14:46:29,209974,24.7,49.7,2022.5
2024-07-12 14:47:30,2024-07-12,14:47:30,209975,24.7,49.7,2064.2
2024-07-12 14:48:31,2024-07-12,14:48:31,209976,24.7,49.7,2012.5
2024-07-12 14:49:35,2024-07-12,14:49:35,209977,24.7,49.7,2039.2
2024-07-12 14:50:36,2024-07-12,14:50:36,209978,24.7,49.7,2002.5
2024-07-12 14:51:37,2024-07-12,14:51:37,209979,24.7,49.7,1945.0
2024-07-12 14:52:38,2024-07-12,14:52:38,209980,24.7,49.7,1975.8
2024-07-12 14:53:39,2024-07-12,14:53:39,209981,24.7,49.6,2007.5
2024-07-12 14:54:41,2024-07-12,14:54:41,209982,24.7,49.5,1989.2
2024-07-12 14:55:44,2024-07-12,14:55:44,209983,24.7,49.4,2020.0
2024-07-12 14:56:45,2024-07-12,14:56:45,209984,24.7,49.4,2001.7
2024-07-12 14:57:46,2024-07-12,14:57:46,209985,24.7,49.5,1995.0
2024-07-12 14:58:47,2024-07-12,14:58:47,209986,24.7,49.5,1987.5
2024-07-12 14:59:49,2024-07-12,14:59:49,209987,24.7,49.5,2008.3
2024-07-12 15:00:52,2024-07-12,15:00:52,209988,24.6,49.5,1990.8
2024-07-12 15:01:53,2024-07-12,15:01:53,209989,24.7,49.5,1983.3
2024-07-12 15:02:54,2024-07-12,15:02:54,209990,24.7,49.7,1906.7
2024-07-12 15:03:56,2024-07-12,15:03:56,209991,24.7,49.9,1869.2
2024-07-12 15:04:57,2024-07-12,15:04:57,209992,24.7,50.1,1787.5
2024-07-12 15:05:58,2024-07-12,15:05:58,209993,24.7,50.4,1737.5
2024-07-12 15:06:59,2024-07-12,15:06:59,209994,24.7,50.5,1090.0
2024-07-12 15:08:00,2024-07-12,15:08:00,209995,24.8,50.7,1106.7
2024-07-12 15:09:01,2024-07-12,15:09:01,209996,24.8,50.8,1058.3
2024-07-12 15:10:03,2024-07-12,15:10:03,209997,24.8,50.9,1079.2
2024-07-12 15:11:04,2024-07-12,15:11:04,209998,25.0,51.0,1095.8
2024-07-12 15:12:05,2024-07-12,15:12:05,209999,25.0,51.1,1145.0
2024-07-12 15:13:06,2024-07-12,15:13:06,210000,25.0,51.2,1205.0
2024-07-12 15:14:10,2024-07-12,15:14:10,210001,25.1,51.3,1227.5
2024-07-12 15:15:11,2024-07-12,15:15:11,210002,25.1,51.3,1462.5
2024-07-12 15:16:12,2024-07-12,15:16:12,210003,25.2,51.3,1530.0
2024-07-12 15:17:13,2024-07-12,15:17:13,210004,25.2,50.9,1321.7
2024-07-12 15:18:14,2024-07-12,15:18:14,210005,25.3,50.6,1316.7
2024-07-12 15:19:15,2024-07-12,15:19:15,210006,25.3,50.5,1642.5
2024-07-12 15:20:16,2024-07-12,15:20:16,210007,25.3,50.4,1174.2
2024-07-12 15:21:18,2024-07-12,15:21:18,210008,25.3,50.3,1178.3
2024-07-12 15:22:19,2024-07-12,15:22:19,210009,25.3,50.4,1237.5
2024-07-12 15:23:20,2024-07-12,15:23:20,210010,25.3,50.2,1616.7
2024-07-12 15:24:23,2024-07-12,15:24:23,210011,25.2,49.9,1335.8
2024-07-12 15:25:27,2024-07-12,15:25:27,210012,25.2,50.0,1653.3
2024-07-12 15:26:28,2024-07-12,15:26:28,210013,25.2,49.9,1648.3
2024-07-12 15:27:29,2024-07-12,15:27:29,210014,25.1,49.8,1685.8
2024-07-12 15:28:30,2024-07-12,15:28:30,210015,25.1,49.8,1710.8
2024-07-12 15:29:31,2024-07-12,15:29:31,210016,25.0,49.8,1730.8
2024-07-12 15:30:33,2024-07-12,15:30:33,210017,25.0,49.7,1325.0
2024-07-12 15:31:34,2024-07-12,15:31:34,210018,25.0,49.6,1660.8
2024-07-12 15:32:35,2024-07-12,15:32:35,210019,25.0,49.6,1617.5
2024-07-12 15:33:36,2024-07-12,15:33:36,210020,25.0,49.5,1569.2
2024-07-12 15:34:37,2024-07-12,15:34:37,210021,25.0,49.5,1290.0
2024-07-12 15:35:38,2024-07-12,15:35:38,210022,25.0,49.4,1096.7
2024-07-12 15:36:39,2024-07-12,15:36:39,210023,24.9,49.4,1122.5
2024-07-12 15:37:43,2024-07-12,15:37:43,210024,24.8,49.3,1166.7
2024-07-12 15:38:49,2024-07-12,15:38:49,210025,24.8,49.2,1431.7
2024-07-12 15:39:50,2024-07-12,15:39:50,210026,24.8,49.2,1604.2
2024-07-12 15:40:51,2024-07-12,15:40:51,210027,24.8,49.2,1581.7
2024-07-12 15:41:52,2024-07-12,15:41:52,210028,24.7,49.2,1576.7
2024-07-12 15:42:58,2024-07-12,15:42:58,210029,24.7,49.2,1624.2
2024-07-12 15:43:59,2024-07-12,15:43:59,210030,24.7,49.2,1593.3
2024-07-12 15:45:03,2024-07-12,15:45:03,210031,24.7,49.3,1590.8
2024-07-12 15:46:04,2024-07-12,15:46:04,210032,24.7,49.3,1390.8
2024-07-12 15:47:05,2024-07-12,15:47:05,210033,24.7,49.4,1582.5
2024-07-12 15:48:06,2024-07-12,15:48:06,210034,24.7,49.4,1528.3
2024-07-12 15:49:07,2024-07-12,15:49:07,210035,24.6,49.5,1260.0
2024-07-12 15:50:08,2024-07-12,15:50:08,210036,24.6,49.6,1474.2
2024-07-12 15:51:10,2024-07-12,15:51:10,210037,24.6,49.6,1449.2
2024-07-12 15:52:11,2024-07-12,15:52:11,210038,24.6,49.6,1510.0
2024-07-12 15:53:12,2024-07-12,15:53:12,210039,24.6,49.6,1524.2
2024-07-12 15:54:13,2024-07-12,15:54:13,210040,24.6,49.7,1506.7
2024-07-12 15:55:17,2024-07-12,15:55:17,210041,24.6,49.8,1491.7
2024-07-12 15:56:18,2024-07-12,15:56:18,210042,24.6,49.8,1503.3
2024-07-12 15:57:19,2024-07-12,15:57:19,210043,24.6,49.8,1455.8
2024-07-12 15:58:20,2024-07-12,15:58:20,210044,24.6,49.8,1418.3
2024-07-12 15:59:24,2024-07-12,15:59:24,210045,24.6,50.0,1447.5
2024-07-12 16:00:25,2024-07-12,16:00:25,210046,24.6,50.0,1485.8
2024-07-12 16:01:26,2024-07-12,16:01:26,210047,24.6,49.8,1460.8
2024-07-12 16:02:27,2024-07-12,16:02:27,210048,24.6,49.5,1330.0
2024-07-12 16:03:28,2024-07-12,16:03:28,210049,24.6,49.1,1268.3
2024-07-12 16:04:29,2024-07-12,16:04:29,210050,24.5,49.2,1324.2
2024-07-12 16:05:31,2024-07-12,16:05:31,210051,24.5,49.6,1325.0
2024-07-12 16:06:32,2024-07-12,16:06:32,210052,24.5,50.0,1272.5
2024-07-12 16:07:35,2024-07-12,16:07:35,210053,24.4,51.2,1140.0
2024-07-12 16:08:36,2024-07-12,16:08:36,210054,24.4,51.2,1159.2
2024-07-12 16:09:37,2024-07-12,16:09:37,210055,24.5,51.6,1185.8
2024-07-12 16:10:38,2024-07-12,16:10:38,210056,24.4,52.0,1325.0
2024-07-12 16:11:39,2024-07-12,16:11:39,210057,24.4,52.2,1378.3
2024-07-12 16:12:41,2024-07-12,16:12:41,210058,24.5,52.4,1352.5
2024-07-12 16:13:42,2024-07-12,16:13:42,210059,24.5,52.5,1405.0
2024-07-12 16:14:45,2024-07-12,16:14:45,210060,24.5,52.7,1371.7
2024-07-12 16:15:46,2024-07-12,16:15:46,210061,24.5,52.6,1363.3
2024-07-12 16:16:47,2024-07-12,16:16:47,210062,24.5,52.6,1323.3
2024-07-12 16:17:49,2024-07-12,16:17:49,210063,24.5,52.6,1283.3
2024-07-12 16:18:50,2024-07-12,16:18:50,210064,24.6,52.6,1122.5
2024-07-12 16:19:51,2024-07-12,16:19:51,210065,24.6,52.5,1260.0
2024-07-12 16:20:52,2024-07-12,16:20:52,210066,24.6,52.5,1270.0
2024-07-12 16:21:53,2024-07-12,16:21:53,210067,24.6,52.5,1152.5
2024-07-12 16:22:57,2024-07-12,16:22:57,210068,24.6,52.3,1131.7
2024-07-12 16:23:58,2024-07-12,16:23:58,210069,24.6,52.3,1130.8
2024-07-12 16:24:59,2024-07-12,16:24:59,210070,24.6,52.3,1130.0
2024-07-12 16:26:00,2024-07-12,16:26:00,210071,24.6,52.1,1109.2
2024-07-12 16:27:01,2024-07-12,16:27:01,210072,24.6,52.1,1076.7
2024-07-12 16:28:02,2024-07-12,16:28:02,210073,24.6,52.0,1075.0
2024-07-12 16:29:04,2024-07-12,16:29:04,210074,24.6,51.9,1082.5
2024-07-12 16:30:05,2024-07-12,16:30:05,210075,24.6,51.9,1068.3
2024-07-12 16:31:06,2024-07-12,16:31:06,210076,24.6,51.8,1040.0
2024-07-12 16:32:09,2024-07-12,16:32:09,210077,24.6,51.7,1023.3
2024-07-12 16:33:10,2024-07-12,16:33:10,210078,24.6,51.7,1020.0
2024-07-12 16:34:12,2024-07-12,16:34:12,210079,24.6,51.7,1044.2
2024-07-12 16:35:13,2024-07-12,16:35:13,210080,24.6,51.6,1077.5
2024-07-12 16:36:14,2024-07-12,16:36:14,210081,24.6,51.6,1126.7
2024-07-12 16:37:15,2024-07-12,16:37:15,210082,24.5,51.6,1260.8
2024-07-12 16:38:16,2024-07-12,16:38:16,210083,24.5,51.6,1246.7
2024-07-12 16:39:17,2024-07-12,16:39:17,210084,24.5,51.6,1150.8
2024-07-12 16:40:19,2024-07-12,16:40:19,210085,24.5,51.6,1177.5
2024-07-12 16:41:20,2024-07-12,16:41:20,210086,24.5,51.6,1170.8
2024-07-12 16:42:21,2024-07-12,16:42:21,210087,24.5,51.7,1155.0
2024-07-12 16:43:24,2024-07-12,16:43:24,210088,24.5,51.9,1119.2
2024-07-12 16:44:25,2024-07-12,16:44:25,210089,24.5,52.0,1099.2
2024-07-12 16:45:29,2024-07-12,16:45:29,210090,24.6,52.2,1105.0
2024-07-12 16:46:30,2024-07-12,16:46:30,210091,24.6,52.2,1175.8
2024-07-12 16:47:31,2024-07-12,16:47:31,210092,24.6,52.2,1186.7
2024-07-12 16:48:32,2024-07-12,16:48:32,210093,24.6,52.2,1215.0
2024-07-12 16:49:33,2024-07-12,16:49:33,210094,24.6,52.2,1169.2
2024-07-12 16:50:35,2024-07-12,16:50:35,210095,24.6,52.1,1211.7
2024-07-12 16:51:36,2024-07-12,16:51:36,210096,24.6,52.0,1209.2
2024-07-12 16:52:37,2024-07-12,16:52:37,210097,24.6,52.2,1201.7
2024-07-12 16:53:38,2024-07-12,16:53:38,210098,24.7,52.3,1205.0
2024-07-12 16:54:39,2024-07-12,16:54:39,210099,24.7,52.6,1180.0
2024-07-12 16:55:40,2024-07-12,16:55:40,210100,24.7,52.8,1157.5
2024-07-12 16:56:41,2024-07-12,16:56:41,210101,24.7,53.0,1130.0
2024-07-12 16:57:42,2024-07-12,16:57:42,210102,24.7,53.1,1083.3
2024-07-12 16:58:44,2024-07-12,16:58:44,210103,24.7,53.2,1020.0
2024-07-12 16:59:45,2024-07-12,16:59:45,210104,24.8,53.2,1033.3
2024-07-12 17:00:46,2024-07-12,17:00:46,210105,24.8,53.4,1005.0
2024-07-12 17:01:47,2024-07-12,17:01:47,210106,24.8,53.4,1058.3
2024-07-12 17:02:48,2024-07-12,17:02:48,210107,24.8,53.5,985.0
2024-07-12 17:03:49,2024-07-12,17:03:49,210108,24.8,53.6,980.0
2024-07-12 17:04:50,2024-07-12,17:04:50,210109,24.8,53.6,963.3
2024-07-12 17:05:54,2024-07-12,17:05:54,210110,24.9,53.9,951.7
2024-07-12 17:06:55,2024-07-12,17:06:55,210111,25.0,53.9,945.8
2024-07-12 17:07:58,2024-07-12,17:07:58,210112,25.0,54.3,929.2
2024-07-12 17:08:59,2024-07-12,17:08:59,210113,25.0,54.3,911.7
2024-07-12 17:10:01,2024-07-12,17:10:01,210114,25.0,54.4,888.3
2024-07-12 17:11:02,2024-07-12,17:11:02,210115,25.0,54.6,856.7
2024-07-12 17:12:03,2024-07-12,17:12:03,210116,25.0,54.7,846.7
2024-07-12 17:13:04,2024-07-12,17:13:04,210117,25.0,54.8,843.3
2024-07-12 17:14:05,2024-07-12,17:14:05,210118,25.0,54.8,850.8
2024-07-12 17:15:06,2024-07-12,17:15:06,210119,25.0,54.8,860.8
2024-07-12 17:16:07,2024-07-12,17:16:07,210120,25.0,54.7,882.5
2024-07-12 17:17:09,2024-07-12,17:17:09,210121,25.0,54.7,905.0
2024-07-12 17:18:10,2024-07-12,17:18:10,210122,25.0,54.5,913.3
2024-07-12 17:19:11,2024-07-12,17:19:11,210123,25.0,54.4,910.0
2024-07-12 17:20:12,2024-07-12,17:20:12,210124,25.0,54.4,893.3
2024-07-12 17:21:13,2024-07-12,17:21:13,210125,25.0,54.3,888.3
2024-07-12 17:22:14,2024-07-12,17:22:14,210126,25.0,54.2,899.2
2024-07-12 17:23:15,2024-07-12,17:23:15,210127,25.0,54.0,901.7
2024-07-12 17:24:19,2024-07-12,17:24:19,210128,25.0,54.0,895.8
2024-07-12 17:25:20,2024-07-12,17:25:20,210129,25.0,54.0,902.5
2024-07-12 17:26:21,2024-07-12,17:26:21,210130,25.0,53.9,933.3
2024-07-12 17:27:22,2024-07-12,17:27:22,210131,25.0,53.9,1042.5
2024-07-12 17:28:23,2024-07-12,17:28:23,210132,25.0,53.8,1074.2
2024-07-12 17:29:25,2024-07-12,17:29:25,210133,25.0,53.7,1089.2
2024-07-12 17:30:26,2024-07-12,17:30:26,210134,25.0,53.5,1017.5
2024-07-12 17:31:27,2024-07-12,17:31:27,210135,25.0,53.6,1006.7
2024-07-12 17:32:28,2024-07-12,17:32:28,210136,25.0,53.7,1013.3
2024-07-12 17:33:29,2024-07-12,17:33:29,210137,25.0,53.7,1000.0
2024-07-12 17:34:30,2024-07-12,17:34:30,210138,25.0,53.9,982.5
2024-07-12 17:35:34,2024-07-12,17:35:34,210139,25.1,54.2,936.7
2024-07-12 17:36:35,2024-07-12,17:36:35,210140,25.1,54.2,896.7
2024-07-12 17:37:38,2024-07-12,17:37:38,210141,25.2,54.6,892.5
2024-07-12 17:38:39,2024-07-12,17:38:39,210142,25.2,54.6,887.5
2024-07-12 17:39:41,2024-07-12,17:39:41,210143,25.2,54.6,869.2
2024-07-12 17:40:42,2024-07-12,17:40:42,210144,25.3,54.7,875.0
2024-07-12 17:41:43,2024-07-12,17:41:43,210145,25.3,54.9,849.2
2024-07-12 17:42:44,2024-07-12,17:42:44,210146,25.4,54.9,829.2
2024-07-12 17:43:45,2024-07-12,17:43:45,210147,25.4,55.1,837.5
2024-07-12 17:44:46,2024-07-12,17:44:46,210148,25.5,55.2,859.2
2024-07-12 17:45:50,2024-07-12,17:45:50,210149,25.6,55.5,867.5
2024-07-12 17:46:51,2024-07-12,17:46:51,210150,25.6,55.5,900.8
2024-07-12 17:47:52,2024-07-12,17:47:52,210151,25.6,55.5,885.8
2024-07-12 17:48:53,2024-07-12,17:48:53,210152,25.7,55.5,855.0
2024-07-12 17:49:59,2024-07-12,17:49:59,210153,25.8,55.6,811.7
2024-07-12 17:51:00,2024-07-12,17:51:00,210154,25.8,55.7,767.5
2024-07-12 17:52:01,2024-07-12,17:52:01,210155,25.8,55.7,712.5
2024-07-12 17:53:02,2024-07-12,17:53:02,210156,25.9,55.8,668.3
2024-07-12 17:54:04,2024-07-12,17:54:04,210157,25.9,56.0,640.8
2024-07-12 17:55:07,2024-07-12,17:55:07,210158,26.0,56.1,621.7
2024-07-12 17:56:08,2024-07-12,17:56:08,210159,26.0,56.1,606.7
2024-07-12 17:57:09,2024-07-12,17:57:09,210160,26.0,56.2,607.5
2024-07-12 17:58:10,2024-07-12,17:58:10,210161,26.0,56.2,609.2
2024-07-12 17:59:12,2024-07-12,17:59:12,210162,26.0,56.4,605.8
2024-07-12 18:00:13,2024-07-12,18:00:13,210163,26.1,56.4,599.2
2024-07-12 18:01:14,2024-07-12,18:01:14,210164,26.1,56.7,595.0
2024-07-12 18:02:15,2024-07-12,18:02:15,210165,26.2,56.9,590.0
2024-07-12 18:03:16,2024-07-12,18:03:16,210166,26.2,56.9,600.0
2024-07-12 18:04:17,2024-07-12,18:04:17,210167,26.2,56.9,585.0
2024-07-12 18:05:18,2024-07-12,18:05:18,210168,26.2,56.4,585.0
2024-07-12 18:06:20,2024-07-12,18:06:20,210169,26.2,55.7,586.7
2024-07-12 18:07:21,2024-07-12,18:07:21,210170,26.1,55.2,584.2
2024-07-12 18:08:22,2024-07-12,18:08:22,210171,26.1,54.7,580.0
2024-07-12 18:09:23,2024-07-12,18:09:23,210172,26.0,54.1,577.5
2024-07-12 18:10:24,2024-07-12,18:10:24,210173,26.0,53.6,570.8
2024-07-12 18:11:28,2024-07-12,18:11:28,210174,25.8,53.0,583.3
2024-07-12 18:12:29,2024-07-12,18:12:29,210175,25.8,53.0,579.2
2024-07-12 18:13:30,2024-07-12,18:13:30,210176,25.7,52.8,573.3
2024-07-12 18:14:31,2024-07-12,18:14:31,210177,25.6,52.7,563.3
2024-07-12 18:15:32,2024-07-12,18:15:32,210178,25.6,52.5,552.5
2024-07-12 18:16:33,2024-07-12,18:16:33,210179,25.5,52.6,541.7
2024-07-12 18:17:35,2024-07-12,18:17:35,210180,25.5,52.6,530.8
2024-07-12 18:18:36,2024-07-12,18:18:36,210181,25.4,52.5,522.5
2024-07-12 18:19:37,2024-07-12,18:19:37,210182,25.4,52.3,516.7
2024-07-12 18:20:38,2024-07-12,18:20:38,210183,25.4,52.1,515.0
2024-07-12 18:21:39,2024-07-12,18:21:39,210184,25.3,51.9,520.0
2024-07-12 18:22:40,2024-07-12,18:22:40,210185,25.2,51.9,520.8
2024-07-12 18:23:42,2024-07-12,18:23:42,210186,25.2,51.8,523.3
2024-07-12 18:24:43,2024-07-12,18:24:43,210187,25.2,51.8,525.8
2024-07-12 18:25:46,2024-07-12,18:25:46,210188,25.0,51.9,526.7
2024-07-12 18:26:50,2024-07-12,18:26:50,210189,25.0,52.0,526.7
2024-07-12 18:27:51,2024-07-12,18:27:51,210190,25.0,52.0,529.2
2024-07-12 18:28:52,2024-07-12,18:28:52,210191,25.0,52.2,525.8
2024-07-12 18:29:53,2024-07-12,18:29:53,210192,25.0,52.5,515.0
2024-07-12 18:30:54,2024-07-12,18:30:54,210193,25.0,52.9,475.0
2024-07-12 18:31:55,2024-07-12,18:31:55,210194,25.0,53.1,460.8
2024-07-12 18:32:56,2024-07-12,18:32:56,210195,25.0,53.3,442.5
2024-07-12 18:33:58,2024-07-12,18:33:58,210196,24.9,53.4,408.3
2024-07-12 18:34:59,2024-07-12,18:34:59,210197,24.9,53.6,420.0
2024-07-12 18:36:00,2024-07-12,18:36:00,210198,24.9,53.8,417.5
2024-07-12 18:37:01,2024-07-12,18:37:01,210199,24.9,54.0,420.8
2024-07-12 18:38:02,2024-07-12,18:38:02,210200,24.9,54.1,450.8
2024-07-12 18:39:03,2024-07-12,18:39:03,210201,24.9,54.2,450.8
2024-07-12 18:40:04,2024-07-12,18:40:04,210202,24.9,54.3,454.2
2024-07-12 18:41:06,2024-07-12,18:41:06,210203,24.9,54.5,461.7
2024-07-12 18:42:07,2024-07-12,18:42:07,210204,24.9,54.6,465.8
2024-07-12 18:43:08,2024-07-12,18:43:08,210205,24.8,54.7,472.5
2024-07-12 18:44:09,2024-07-12,18:44:09,210206,24.9,54.7,471.7
2024-07-12 18:45:10,2024-07-12,18:45:10,210207,24.9,54.7,470.0
2024-07-12 18:46:11,2024-07-12,18:46:11,210208,24.8,54.6,466.7
2024-07-12 18:47:12,2024-07-12,18:47:12,210209,24.8,54.5,462.5
2024-07-12 18:48:13,2024-07-12,18:48:13,210210,24.8,54.4,455.8
2024-07-12 18:49:15,2024-07-12,18:49:15,210211,24.8,54.4,448.3
2024-07-12 18:50:16,2024-07-12,18:50:16,210212,24.8,54.3,453.3
2024-07-12 18:51:17,2024-07-12,18:51:17,210213,24.8,54.2,455.0
2024-07-12 18:52:18,2024-07-12,18:52:18,210214,24.8,54.1,460.0
2024-07-12 18:53:19,2024-07-12,18:53:19,210215,24.8,54.1,461.7
2024-07-12 18:54:20,2024-07-12,18:54:20,210216,24.8,54.0,462.5
2024-07-12 18:55:21,2024-07-12,18:55:21,210217,24.7,54.0,462.5
2024-07-12 18:56:22,2024-07-12,18:56:22,210218,24.7,54.0,465.8
2024-07-12 18:57:24,2024-07-12,18:57:24,210219,24.7,54.1,466.7
2024-07-12 18:58:25,2024-07-12,18:58:25,210220,24.7,54.2,466.7
2024-07-12 18:59:26,2024-07-12,18:59:26,210221,24.7,54.2,460.0
2024-07-12 19:00:27,2024-07-12,19:00:27,210222,24.7,54.2,454.2
2024-07-12 19:01:28,2024-07-12,19:01:28,210223,24.7,54.0,450.0
2024-07-12 19:02:29,2024-07-12,19:02:29,210224,24.7,53.9,447.5
2024-07-12 19:03:31,2024-07-12,19:03:31,210225,24.7,53.7,446.7
2024-07-12 19:04:32,2024-07-12,19:04:32,210226,24.7,53.6,443.3
2024-07-12 19:05:33,2024-07-12,19:05:33,210227,24.7,53.5,440.0
2024-07-12 19:06:34,2024-07-12,19:06:34,210228,24.7,53.5,433.3
2024-07-12 19:07:35,2024-07-12,19:07:35,210229,24.7,53.4,430.0
2024-07-12 19:08:36,2024-07-12,19:08:36,210230,24.6,53.4,426.7
2024-07-12 19:09:40,2024-07-12,19:09:40,210231,24.6,53.2,425.0
2024-07-12 19:10:41,2024-07-12,19:10:41,210232,24.6,53.2,423.3
2024-07-12 19:11:42,2024-07-12,19:11:42,210233,24.6,53.2,420.8
2024-07-12 19:12:43,2024-07-12,19:12:43,210234,24.6,52.8,419.2
2024-07-12 19:13:44,2024-07-12,19:13:44,210235,24.6,52.4,419.2
2024-07-12 19:14:45,2024-07-12,19:14:45,210236,24.6,52.0,413.3
2024-07-12 19:15:47,2024-07-12,19:15:47,210237,24.5,52.2,402.5
2024-07-12 19:16:48,2024-07-12,19:16:48,210238,24.5,52.6,405.0
2024-07-12 19:17:49,2024-07-12,19:17:49,210239,24.5,53.0,404.2
2024-07-12 19:18:50,2024-07-12,19:18:50,210240,24.5,53.8,401.7
2024-07-12 19:19:51,2024-07-12,19:19:51,210241,24.5,54.5,400.8
2024-07-12 19:20:52,2024-07-12,19:20:52,210242,24.6,54.9,398.3
2024-07-12 19:21:53,2024-07-12,19:21:53,210243,24.6,55.1,400.0
2024-07-12 19:22:55,2024-07-12,19:22:55,210244,24.6,55.5,399.2
2024-07-12 19:24:01,2024-07-12,19:24:01,210245,24.6,55.9,398.3
2024-07-12 19:25:02,2024-07-12,19:25:02,210246,24.7,56.4,399.2
2024-07-12 19:26:03,2024-07-12,19:26:03,210247,24.7,56.6,397.5
2024-07-12 19:27:04,2024-07-12,19:27:04,210248,24.7,56.8,398.3
2024-07-12 19:28:06,2024-07-12,19:28:06,210249,24.8,57.0,396.7
2024-07-12 19:29:09,2024-07-12,19:29:09,210250,24.8,57.6,397.5
2024-07-12 19:30:10,2024-07-12,19:30:10,210251,24.8,57.6,395.0
2024-07-12 19:31:11,2024-07-12,19:31:11,210252,24.8,57.6,394.2
2024-07-12 19:32:12,2024-07-12,19:32:12,210253,24.8,57.7,393.3
2024-07-12 19:33:14,2024-07-12,19:33:14,210254,24.9,57.7,391.7
2024-07-12 19:34:17,2024-07-12,19:34:17,210255,24.9,57.6,390.0
2024-07-12 19:35:18,2024-07-12,19:35:18,210256,24.9,57.5,390.0
2024-07-12 19:36:19,2024-07-12,19:36:19,210257,24.9,57.4,391.7
2024-07-12 19:37:23,2024-07-12,19:37:23,210258,24.9,57.0,392.5
2024-07-12 19:38:24,2024-07-12,19:38:24,210259,24.9,57.0,393.3
2024-07-12 19:39:25,2024-07-12,19:39:25,210260,24.9,56.8,393.3
2024-07-12 19:40:26,2024-07-12,19:40:26,210261,24.9,56.3,394.2
2024-07-12 19:41:27,2024-07-12,19:41:27,210262,24.9,56.2,393.3
2024-07-12 19:42:28,2024-07-12,19:42:28,210263,24.9,56.0,392.5
2024-07-12 19:43:30,2024-07-12,19:43:30,210264,24.8,55.9,393.3
2024-07-12 19:44:31,2024-07-12,19:44:31,210265,24.8,55.8,391.7
2024-07-12 19:45:32,2024-07-12,19:45:32,210266,24.8,55.7,392.5
2024-07-12 19:46:33,2024-07-12,19:46:33,210267,24.8,55.3,391.7
2024-07-12 19:47:34,2024-07-12,19:47:34,210268,24.8,55.2,391.7
2024-07-12 19:48:35,2024-07-12,19:48:35,210269,24.8,55.2,391.7
2024-07-12 19:49:36,2024-07-12,19:49:36,210270,24.8,55.1,390.8
2024-07-12 19:50:38,2024-07-12,19:50:38,210271,24.8,55.1,390.0
2024-07-12 19:51:39,2024-07-12,19:51:39,210272,24.8,55.1,390.0
2024-07-12 19:52:40,2024-07-12,19:52:40,210273,24.7,55.2,389.2
2024-07-12 19:53:41,2024-07-12,19:53:41,210274,24.7,55.2,389.2
2024-07-12 19:54:42,2024-07-12,19:54:42,210275,24.7,55.3,390.0
2024-07-12 19:55:43,2024-07-12,19:55:43,210276,24.7,55.5,388.3
2024-07-12 19:56:44,2024-07-12,19:56:44,210277,24.7,55.6,389.2
2024-07-12 19:57:46,2024-07-12,19:57:46,210278,24.7,55.8,387.5
2024-07-12 19:58:47,2024-07-12,19:58:47,210279,24.8,56.1,387.5
2024-07-12 19:59:48,2024-07-12,19:59:48,210280,24.8,56.4,385.8
2024-07-12 20:00:51,2024-07-12,20:00:51,210281,24.8,56.7,374.2
2024-07-12 20:01:53,2024-07-12,20:01:53,210282,24.8,56.7,390.0
2024-07-12 20:02:54,2024-07-12,20:02:54,210283,24.8,56.9,388.3
2024-07-12 20:03:55,2024-07-12,20:03:55,210284,24.8,57.4,380.0
2024-07-12 20:04:56,2024-07-12,20:04:56,210285,24.8,57.4,381.7
2024-07-12 20:05:57,2024-07-12,20:05:57,210286,24.8,57.4,383.3
2024-07-12 20:06:58,2024-07-12,20:06:58,210287,24.9,57.4,382.5
2024-07-12 20:08:02,2024-07-12,20:08:02,210288,24.9,57.0,390.8
2024-07-12 20:09:05,2024-07-12,20:09:05,210289,24.8,56.9,390.8
2024-07-12 20:10:07,2024-07-12,20:10:07,210290,24.8,56.9,390.0
2024-07-12 20:11:10,2024-07-12,20:11:10,210291,24.8,56.5,379.2
2024-07-12 20:12:11,2024-07-12,20:12:11,210292,24.8,56.4,381.7
2024-07-12 20:13:12,2024-07-12,20:13:12,210293,24.8,56.2,387.5
2024-07-12 20:14:13,2024-07-12,20:14:13,210294,24.8,56.0,380.8
2024-07-12 20:15:15,2024-07-12,20:15:15,210295,24.8,55.8,388.3
2024-07-12 20:16:16,2024-07-12,20:16:16,210296,24.8,55.6,389.2
2024-07-12 20:17:19,2024-07-12,20:17:19,210297,24.7,55.1,385.8
2024-07-12 20:18:20,2024-07-12,20:18:20,210298,24.7,55.1,388.3
2024-07-12 20:19:21,2024-07-12,20:19:21,210299,24.7,55.0,389.2
2024-07-12 20:20:23,2024-07-12,20:20:23,210300,24.7,54.8,387.5
2024-07-12 20:21:24,2024-07-12,20:21:24,210301,24.6,54.7,387.5
2024-07-12 20:22:25,2024-07-12,20:22:25,210302,24.6,54.6,390.0
2024-07-12 20:23:26,2024-07-12,20:23:26,210303,24.6,54.3,388.3
2024-07-12 20:24:27,2024-07-12,20:24:27,210304,24.6,54.1,387.5
2024-07-12 20:25:28,2024-07-12,20:25:28,210305,24.6,54.0,387.5
2024-07-12 20:26:29,2024-07-12,20:26:29,210306,24.6,54.0,389.2
2024-07-12 20:27:30,2024-07-12,20:27:30,210307,24.5,53.9,387.5
2024-07-12 20:28:32,2024-07-12,20:28:32,210308,24.5,53.7,388.3
2024-07-12 20:29:33,2024-07-12,20:29:33,210309,24.5,53.6,388.3
2024-07-12 20:30:34,2024-07-12,20:30:34,210310,24.5,53.6,387.5
2024-07-12 20:31:37,2024-07-12,20:31:37,210311,24.4,53.4,389.2
2024-07-12 20:32:39,2024-07-12,20:32:39,210312,24.4,53.4,390.0
2024-07-12 20:33:40,2024-07-12,20:33:40,210313,24.4,53.4,390.8
2024-07-12 20:34:41,2024-07-12,20:34:41,210314,24.4,53.4,391.7
2024-07-12 20:35:42,2024-07-12,20:35:42,210315,24.4,53.3,390.8
2024-07-12 20:36:43,2024-07-12,20:36:43,210316,24.4,53.1,390.0
2024-07-12 20:37:44,2024-07-12,20:37:44,210317,24.4,53.0,386.7
2024-07-12 20:38:45,2024-07-12,20:38:45,210318,24.4,53.1,390.0
2024-07-12 20:39:46,2024-07-12,20:39:46,210319,24.4,53.1,390.0
2024-07-12 20:40:50,2024-07-12,20:40:50,210320,24.3,53.1,390.8
2024-07-12 20:41:51,2024-07-12,20:41:51,210321,24.3,53.1,391.7
2024-07-12 20:42:52,2024-07-12,20:42:52,210322,24.2,53.2,390.0
2024-07-12 20:43:53,2024-07-12,20:43:53,210323,24.2,52.8,390.8
2024-07-12 20:44:54,2024-07-12,20:44:54,210324,24.2,52.6,390.8
2024-07-12 20:45:56,2024-07-12,20:45:56,210325,24.2,52.5,384.2
2024-07-12 20:46:57,2024-07-12,20:46:57,210326,24.2,52.5,388.3
2024-07-12 20:47:58,2024-07-12,20:47:58,210327,24.2,52.6,389.2
2024-07-12 20:48:59,2024-07-12,20:48:59,210328,24.2,52.7,389.2
2024-07-12 20:50:00,2024-07-12,20:50:00,210329,24.2,52.8,389.2
2024-07-12 20:51:01,2024-07-12,20:51:01,210330,24.2,52.9,389.2
2024-07-12 20:52:02,2024-07-12,20:52:02,210331,24.1,52.9,389.2
2024-07-12 20:53:04,2024-07-12,20:53:04,210332,24.1,53.0,390.0
2024-07-12 20:54:05,2024-07-12,20:54:05,210333,24.2,53.0,390.0
2024-07-12 20:55:06,2024-07-12,20:55:06,210334,24.1,53.0,389.2
2024-07-12 20:56:07,2024-07-12,20:56:07,210335,24.1,53.2,389.2
2024-07-12 20:57:08,2024-07-12,20:57:08,210336,24.1,53.5,389.2
2024-07-12 20:58:09,2024-07-12,20:58:09,210337,24.0,53.7,388.3
2024-07-12 20:59:13,2024-07-12,20:59:13,210338,24.0,53.9,389.2
2024-07-12 21:00:14,2024-07-12,21:00:14,210339,24.1,53.9,389.2
2024-07-12 21:01:15,2024-07-12,21:01:15,210340,24.1,53.9,389.2
2024-07-12 21:02:16,2024-07-12,21:02:16,210341,24.1,54.0,389.2
2024-07-12 21:03:17,2024-07-12,21:03:17,210342,24.1,54.1,389.2
2024-07-12 21:04:18,2024-07-12,21:04:18,210343,24.1,54.6,389.2
2024-07-12 21:05:19,2024-07-12,21:05:19,210344,24.1,55.1,389.2
2024-07-12 21:06:23,2024-07-12,21:06:23,210345,24.2,55.8,389.2
2024-07-12 21:07:24,2024-07-12,21:07:24,210346,24.2,55.8,389.2
2024-07-12 21:08:25,2024-07-12,21:08:25,210347,24.2,56.1,388.3
2024-07-12 21:09:26,2024-07-12,21:09:26,210348,24.2,56.1,389.2
2024-07-12 21:10:27,2024-07-12,21:10:27,210349,24.2,56.2,389.2
2024-07-12 21:11:28,2024-07-12,21:11:28,210350,24.2,55.9,388.3
2024-07-12 21:12:30,2024-07-12,21:12:30,210351,24.2,55.4,389.2
2024-07-12 21:13:31,2024-07-12,21:13:31,210352,24.2,54.8,389.2
2024-07-12 21:14:32,2024-07-12,21:14:32,210353,24.2,54.5,388.3
2024-07-12 21:15:33,2024-07-12,21:15:33,210354,24.2,54.1,389.2
2024-07-12 21:16:34,2024-07-12,21:16:34,210355,24.2,53.9,388.3
2024-07-12 21:17:35,2024-07-12,21:17:35,210356,24.2,53.8,388.3
2024-07-12 21:18:37,2024-07-12,21:18:37,210357,24.2,53.6,388.3
2024-07-12 21:19:38,2024-07-12,21:19:38,210358,24.2,53.4,389.2
2024-07-12 21:20:39,2024-07-12,21:20:39,210359,24.2,53.4,389.2
2024-07-12 21:21:40,2024-07-12,21:21:40,210360,24.1,53.4,389.2
2024-07-12 21:22:41,2024-07-12,21:22:41,210361,24.1,53.5,388.3
2024-07-12 21:23:42,2024-07-12,21:23:42,210362,24.0,53.7,389.2
2024-07-12 21:24:43,2024-07-12,21:24:43,210363,24.0,54.0,389.2
2024-07-12 21:25:44,2024-07-12,21:25:44,210364,24.0,54.2,388.3
2024-07-12 21:26:46,2024-07-12,21:26:46,210365,24.0,54.3,389.2
2024-07-12 21:27:49,2024-07-12,21:27:49,210366,24.0,54.5,388.3
2024-07-12 21:28:50,2024-07-12,21:28:50,210367,24.0,54.5,389.2
2024-07-12 21:29:51,2024-07-12,21:29:51,210368,24.0,54.5,388.3
2024-07-12 21:30:52,2024-07-12,21:30:52,210369,24.0,54.7,389.2
2024-07-12 21:31:54,2024-07-12,21:31:54,210370,24.0,54.9,388.3
2024-07-12 21:32:55,2024-07-12,21:32:55,210371,24.0,55.1,388.3
2024-07-12 21:33:58,2024-07-12,21:33:58,210372,24.0,55.3,389.2
2024-07-12 21:34:59,2024-07-12,21:34:59,210373,24.0,55.4,388.3
2024-07-12 21:36:01,2024-07-12,21:36:01,210374,24.0,55.5,390.0
2024-07-12 21:37:02,2024-07-12,21:37:02,210375,24.0,55.7,388.3
2024-07-12 21:38:05,2024-07-12,21:38:05,210376,24.0,56.1,389.2
2024-07-12 21:39:06,2024-07-12,21:39:06,210377,24.0,56.1,389.2
2024-07-12 21:40:07,2024-07-12,21:40:07,210378,24.0,56.2,390.0
2024-07-12 21:41:09,2024-07-12,21:41:09,210379,24.0,56.2,388.3
2024-07-12 21:42:10,2024-07-12,21:42:10,210380,24.0,56.2,389.2
2024-07-12 21:43:11,2024-07-12,21:43:11,210381,24.0,56.3,389.2
2024-07-12 21:44:14,2024-07-12,21:44:14,210382,24.1,56.3,389.2
2024-07-12 21:45:15,2024-07-12,21:45:15,210383,24.1,56.3,389.2
2024-07-12 21:46:19,2024-07-12,21:46:19,210384,24.1,55.7,390.0
2024-07-12 21:47:20,2024-07-12,21:47:20,210385,24.1,55.7,389.2
2024-07-12 21:48:24,2024-07-12,21:48:24,210386,24.1,54.6,390.0
2024-07-12 21:49:25,2024-07-12,21:49:25,210387,24.1,54.6,389.2
2024-07-12 21:50:26,2024-07-12,21:50:26,210388,24.1,54.7,390.0
2024-07-12 21:51:27,2024-07-12,21:51:27,210389,24.1,55.0,387.5
2024-07-12 21:52:28,2024-07-12,21:52:28,210390,24.1,55.2,389.2
2024-07-12 21:53:29,2024-07-12,21:53:29,210391,24.1,55.6,389.2
2024-07-12 21:54:30,2024-07-12,21:54:30,210392,24.1,56.0,389.2
2024-07-12 21:55:31,2024-07-12,21:55:31,210393,24.0,56.2,389.2
2024-07-12 21:56:33,2024-07-12,21:56:33,210394,24.0,56.4,389.2
2024-07-12 21:57:34,2024-07-12,21:57:34,210395,24.0,56.5,389.2
2024-07-12 21:58:35,2024-07-12,21:58:35,210396,24.1,56.6,388.3
2024-07-12 21:59:36,2024-07-12,21:59:36,210397,24.1,56.6,389.2
2024-07-12 22:00:37,2024-07-12,22:00:37,210398,24.1,56.6,390.0
2024-07-12 22:01:38,2024-07-12,22:01:38,210399,24.2,56.5,390.8
2024-07-12 22:02:39,2024-07-12,22:02:39,210400,24.2,56.4,390.0
2024-07-12 22:03:40,2024-07-12,22:03:40,210401,24.2,56.2,390.0
2024-07-12 22:04:42,2024-07-12,22:04:42,210402,24.2,56.1,389.2
2024-07-12 22:05:43,2024-07-12,22:05:43,210403,24.2,55.8,390.0
2024-07-12 22:06:46,2024-07-12,22:06:46,210404,24.2,55.1,389.2
2024-07-12 22:07:47,2024-07-12,22:07:47,210405,24.1,55.1,390.0
2024-07-12 22:08:49,2024-07-12,22:08:49,210406,24.2,54.9,389.2
2024-07-12 22:09:50,2024-07-12,22:09:50,210407,24.1,54.7,389.2
2024-07-12 22:10:51,2024-07-12,22:10:51,210408,24.1,54.6,389.2
2024-07-12 22:11:52,2024-07-12,22:11:52,210409,24.1,54.6,390.0
2024-07-12 22:12:53,2024-07-12,22:12:53,210410,24.1,54.5,389.2
2024-07-12 22:13:54,2024-07-12,22:13:54,210411,24.0,54.4,390.0
2024-07-12 22:14:55,2024-07-12,22:14:55,210412,24.0,54.4,390.8
2024-07-12 22:15:56,2024-07-12,22:15:56,210413,24.0,54.4,390.8
2024-07-12 22:16:57,2024-07-12,22:16:57,210414,24.0,54.4,389.2
2024-07-12 22:18:01,2024-07-12,22:18:01,210415,24.0,54.5,390.0
2024-07-12 22:19:02,2024-07-12,22:19:02,210416,24.0,54.5,389.2
2024-07-12 22:20:08,2024-07-12,22:20:08,210417,24.0,54.7,389.2
2024-07-12 22:21:09,2024-07-12,22:21:09,210418,24.0,54.7,389.2
2024-07-12 22:22:10,2024-07-12,22:22:10,210419,24.0,55.0,389.2
2024-07-12 22:23:11,2024-07-12,22:23:11,210420,24.0,55.3,390.0
2024-07-12 22:24:12,2024-07-12,22:24:12,210421,24.0,55.5,389.2
2024-07-12 22:25:14,2024-07-12,22:25:14,210422,24.0,55.7,388.3
2024-07-12 22:26:15,2024-07-12,22:26:15,210423,24.0,56.0,389.2
2024-07-12 22:27:16,2024-07-12,22:27:16,210424,24.0,56.1,389.2
2024-07-12 22:28:17,2024-07-12,22:28:17,210425,24.0,56.2,390.0
2024-07-12 22:29:18,2024-07-12,22:29:18,210426,24.0,56.2,389.2
2024-07-12 22:30:19,2024-07-12,22:30:19,210427,24.0,56.2,388.3
2024-07-12 22:31:20,2024-07-12,22:31:20,210428,24.0,56.1,389.2
2024-07-12 22:32:24,2024-07-12,22:32:24,210429,24.0,56.0,389.2
2024-07-12 22:33:25,2024-07-12,22:33:25,210430,24.0,56.0,389.2
2024-07-12 22:34:26,2024-07-12,22:34:26,210431,24.0,55.9,390.0
2024-07-12 22:35:27,2024-07-12,22:35:27,210432,24.0,55.9,389.2
2024-07-12 22:36:31,2024-07-12,22:36:31,210433,24.0,55.8,390.0
2024-07-12 22:37:32,2024-07-12,22:37:32,210434,24.0,55.8,390.0
2024-07-12 22:38:33,2024-07-12,22:38:33,210435,24.0,55.7,389.2
2024-07-12 22:39:34,2024-07-12,22:39:34,210436,24.0,55.5,390.0
2024-07-12 22:40:35,2024-07-12,22:40:35,210437,24.0,55.5,390.8
2024-07-12 22:41:36,2024-07-12,22:41:36,210438,24.0,55.3,390.0
2024-07-12 22:42:37,2024-07-12,22:42:37,210439,24.0,55.2,389.2
2024-07-12 22:43:39,2024-07-12,22:43:39,210440,24.0,55.1,390.0
2024-07-12 22:44:40,2024-07-12,22:44:40,210441,24.0,55.1,390.8
2024-07-12 22:45:41,2024-07-12,22:45:41,210442,24.0,55.1,390.8
2024-07-12 22:46:42,2024-07-12,22:46:42,210443,24.0,55.1,390.8
2024-07-12 22:47:43,2024-07-12,22:47:43,210444,24.0,55.1,391.7
2024-07-12 22:48:44,2024-07-12,22:48:44,210445,24.0,55.1,390.8
2024-07-12 22:49:45,2024-07-12,22:49:45,210446,24.0,55.0,390.0
2024-07-12 22:50:47,2024-07-12,22:50:47,210447,24.0,55.0,391.7
2024-07-12 22:51:48,2024-07-12,22:51:48,210448,24.0,55.0,390.8
2024-07-12 22:52:49,2024-07-12,22:52:49,210449,24.0,54.9,391.7
2024-07-12 22:53:53,2024-07-12,22:53:53,210450,24.0,54.9,389.2
2024-07-12 22:54:54,2024-07-12,22:54:54,210451,24.0,54.9,391.7
2024-07-12 22:55:55,2024-07-12,22:55:55,210452,24.0,54.8,392.5
2024-07-12 22:56:56,2024-07-12,22:56:56,210453,24.0,54.9,390.8
2024-07-12 22:57:57,2024-07-12,22:57:57,210454,24.0,54.9,391.7
2024-07-12 22:59:01,2024-07-12,22:59:01,210455,24.0,54.9,391.7
2024-07-12 23:00:02,2024-07-12,23:00:02,210456,24.0,54.9,391.7
2024-07-12 23:01:03,2024-07-12,23:01:03,210457,23.9,54.9,391.7
2024-07-12 23:02:06,2024-07-12,23:02:06,210458,23.9,55.0,392.5
2024-07-12 23:03:08,2024-07-12,23:03:08,210459,23.9,55.0,391.7
2024-07-12 23:04:09,2024-07-12,23:04:09,210460,23.9,55.2,390.8
2024-07-12 23:05:12,2024-07-12,23:05:12,210461,23.9,55.3,391.7
2024-07-12 23:06:13,2024-07-12,23:06:13,210462,23.9,55.3,391.7
2024-07-12 23:07:14,2024-07-12,23:07:14,210463,23.9,55.4,391.7
2024-07-12 23:08:16,2024-07-12,23:08:16,210464,23.9,55.5,390.0
2024-07-12 23:09:17,2024-07-12,23:09:17,210465,23.9,55.4,392.5
2024-07-12 23:10:18,2024-07-12,23:10:18,210466,23.9,55.5,391.7
2024-07-12 23:11:19,2024-07-12,23:11:19,210467,23.9,55.5,390.0
2024-07-12 23:12:20,2024-07-12,23:12:20,210468,23.9,55.5,385.8
2024-07-12 23:13:21,2024-07-12,23:13:21,210469,23.9,55.5,385.8
2024-07-12 23:14:22,2024-07-12,23:14:22,210470,23.9,55.6,389.2
2024-07-12 23:15:23,2024-07-12,23:15:23,210471,23.9,55.8,389.2
2024-07-12 23:16:25,2024-07-12,23:16:25,210472,23.9,55.8,390.8
2024-07-12 23:17:26,2024-07-12,23:17:26,210473,23.9,55.8,390.0
2024-07-12 23:18:27,2024-07-12,23:18:27,210474,23.9,55.9,389.2
2024-07-12 23:19:30,2024-07-12,23:19:30,210475,23.9,55.8,390.0
2024-07-12 23:20:32,2024-07-12,23:20:32,210476,23.9,55.8,390.8
2024-07-12 23:21:33,2024-07-12,23:21:33,210477,23.9,55.8,390.8
2024-07-12 23:22:36,2024-07-12,23:22:36,210478,23.9,55.9,390.0
2024-07-12 23:23:37,2024-07-12,23:23:37,210479,23.9,55.9,390.0
2024-07-12 23:24:39,2024-07-12,23:24:39,210480,23.9,55.9,390.0
2024-07-12 23:25:40,2024-07-12,23:25:40,210481,23.9,55.9,390.0
2024-07-12 23:26:41,2024-07-12,23:26:41,210482,23.9,55.9,390.8
2024-07-12 23:27:44,2024-07-12,23:27:44,210483,23.9,55.8,390.8
2024-07-12 23:28:45,2024-07-12,23:28:45,210484,23.9,55.8,390.8
2024-07-12 23:29:47,2024-07-12,23:29:47,210485,23.9,55.8,389.2
2024-07-12 23:30:48,2024-07-12,23:30:48,210486,23.9,55.9,390.8
2024-07-12 23:31:49,2024-07-12,23:31:49,210487,23.9,55.9,389.2
2024-07-12 23:32:50,2024-07-12,23:32:50,210488,23.9,56.0,389.2
2024-07-12 23:33:51,2024-07-12,23:33:51,210489,23.9,56.2,389.2
2024-07-12 23:34:52,2024-07-12,23:34:52,210490,23.9,56.5,390.8
2024-07-12 23:35:53,2024-07-12,23:35:53,210491,23.9,56.8,389.2
2024-07-12 23:36:55,2024-07-12,23:36:55,210492,23.9,56.9,390.0
2024-07-12 23:37:58,2024-07-12,23:37:58,210493,23.9,57.2,390.0
2024-07-12 23:38:59,2024-07-12,23:38:59,210494,23.9,57.2,390.0
2024-07-12 23:40:00,2024-07-12,23:40:00,210495,23.9,57.2,389.2
2024-07-12 23:41:04,2024-07-12,23:41:04,210496,23.9,57.1,390.0
2024-07-12 23:42:07,2024-07-12,23:42:07,210497,24.0,57.1,390.0
2024-07-12 23:43:11,2024-07-12,23:43:11,210498,24.0,57.2,390.0
2024-07-12 23:44:12,2024-07-12,23:44:12,210499,24.0,57.2,390.0
2024-07-12 23:45:15,2024-07-12,23:45:15,210500,24.0,57.3,389.2
2024-07-12 23:46:17,2024-07-12,23:46:17,210501,24.0,57.2,389.2
2024-07-12 23:47:18,2024-07-12,23:47:18,210502,24.0,57.2,387.5
2024-07-12 23:48:19,2024-07-12,23:48:19,210503,24.0,57.1,2.5
2024-07-12 23:49:20,2024-07-12,23:49:20,210504,24.0,57.0,2.5
2024-07-12 23:50:21,2024-07-12,23:50:21,210505,24.0,57.0,2.5
2024-07-12 23:51:22,2024-07-12,23:51:22,210506,24.0,57.0,2.5
2024-07-12 23:52:23,2024-07-12,23:52:23,210507,24.0,57.1,2.5
2024-07-12 23:53:25,2024-07-12,23:53:25,210508,24.0,57.1,2.5
2024-07-12 23:54:26,2024-07-12,23:54:26,210509,24.0,57.1,2.5
2024-07-12 23:55:27,2024-07-12,23:55:27,210510,24.0,57.1,2.5
2024-07-12 23:56:28,2024-07-12,23:56:28,210511,24.0,57.1,2.5
2024-07-12 23:57:29,2024-07-12,23:57:29,210512,23.9,56.9,2.5
2024-07-12 23:58:30,2024-07-12,23:58:30,210513,23.9,56.9,2.5
2024-07-12 23:59:31,2024-07-12,23:59:31,210514,23.9,56.8,2.5
